table_name,constraint_type,constraint_name,column_name
accounting_accounts,CHECK,2200_210917_4_not_null,
accounting_accounts,CHECK,2200_210917_3_not_null,
accounting_accounts,CHECK,2200_210917_2_not_null,
accounting_accounts,CHECK,accounting_accounts_account_type_check,
accounting_accounts,CHECK,2200_210917_9_not_null,
accounting_accounts,CHECK,2200_210917_1_not_null,
accounting_accounts,CHECK,2200_210917_8_not_null,
accounting_accounts,CHECK,2200_210917_6_not_null,
accounting_accounts,CHECK,2200_210917_5_not_null,
accounting_accounts,CHECK,accounting_accounts_normal_balance_check,
accounting_accounts,FOREIGN KEY,accounting_accounts_brand_id_fkey,brand_id
accounting_accounts,FOREIGN KEY,accounting_accounts_parent_id_fkey,parent_id
accounting_accounts,PRIMARY KEY,accounting_accounts_pkey,id
accounting_accounts,UNIQUE,accounting_accounts_brand_id_code_key,brand_id
accounting_accounts,UNIQUE,accounting_accounts_brand_id_code_key,code
accounting_bank_accounts,CHECK,2200_211048_2_not_null,
accounting_bank_accounts,CHECK,2200_211048_5_not_null,
accounting_bank_accounts,CHECK,2200_211048_6_not_null,
accounting_bank_accounts,CHECK,2200_211048_1_not_null,
accounting_bank_accounts,CHECK,2200_211048_3_not_null,
accounting_bank_accounts,FOREIGN KEY,accounting_bank_accounts_gl_account_id_fkey,gl_account_id
accounting_bank_accounts,FOREIGN KEY,accounting_bank_accounts_brand_id_fkey,brand_id
accounting_bank_accounts,PRIMARY KEY,accounting_bank_accounts_pkey,id
accounting_bank_reconciliation_items,CHECK,2200_211090_7_not_null,
accounting_bank_reconciliation_items,CHECK,2200_211090_1_not_null,
accounting_bank_reconciliation_items,CHECK,2200_211090_6_not_null,
accounting_bank_reconciliation_items,CHECK,2200_211090_2_not_null,
accounting_bank_reconciliation_items,FOREIGN KEY,accounting_bank_reconciliation_items_journal_entry_id_fkey,journal_entry_id
accounting_bank_reconciliation_items,FOREIGN KEY,accounting_bank_reconciliation_items_reconciliation_id_fkey,reconciliation_id
accounting_bank_reconciliation_items,FOREIGN KEY,accounting_bank_reconciliation_items_voucher_id_fkey,voucher_id
accounting_bank_reconciliation_items,PRIMARY KEY,accounting_bank_reconciliation_items_pkey,id
accounting_bank_reconciliations,CHECK,2200_211068_5_not_null,
accounting_bank_reconciliations,CHECK,2200_211068_6_not_null,
accounting_bank_reconciliations,CHECK,2200_211068_4_not_null,
accounting_bank_reconciliations,CHECK,2200_211068_2_not_null,
accounting_bank_reconciliations,CHECK,2200_211068_1_not_null,
accounting_bank_reconciliations,CHECK,2200_211068_3_not_null,
accounting_bank_reconciliations,FOREIGN KEY,accounting_bank_reconciliations_bank_account_id_fkey,bank_account_id
accounting_bank_reconciliations,FOREIGN KEY,accounting_bank_reconciliations_brand_id_fkey,brand_id
accounting_bank_reconciliations,PRIMARY KEY,accounting_bank_reconciliations_pkey,id
accounting_gl_balances,CHECK,2200_211020_7_not_null,
accounting_gl_balances,CHECK,2200_211020_4_not_null,
accounting_gl_balances,CHECK,2200_211020_5_not_null,
accounting_gl_balances,CHECK,2200_211020_6_not_null,
accounting_gl_balances,CHECK,2200_211020_1_not_null,
accounting_gl_balances,CHECK,2200_211020_2_not_null,
accounting_gl_balances,CHECK,2200_211020_3_not_null,
accounting_gl_balances,FOREIGN KEY,accounting_gl_balances_brand_id_fkey,brand_id
accounting_gl_balances,FOREIGN KEY,accounting_gl_balances_period_id_fkey,period_id
accounting_gl_balances,FOREIGN KEY,accounting_gl_balances_account_id_fkey,account_id
accounting_gl_balances,PRIMARY KEY,accounting_gl_balances_pkey,id
accounting_gl_balances,UNIQUE,accounting_gl_balances_account_id_period_id_key,account_id
accounting_gl_balances,UNIQUE,accounting_gl_balances_account_id_period_id_key,period_id
accounting_journal_entries,CHECK,2200_210962_4_not_null,
accounting_journal_entries,CHECK,2200_210962_6_not_null,
accounting_journal_entries,CHECK,2200_210962_7_not_null,
accounting_journal_entries,CHECK,2200_210962_1_not_null,
accounting_journal_entries,CHECK,2200_210962_2_not_null,
accounting_journal_entries,CHECK,2200_210962_3_not_null,
accounting_journal_entries,CHECK,accounting_journal_entries_source_type_check,
accounting_journal_entries,CHECK,accounting_journal_entries_status_check,
accounting_journal_entries,FOREIGN KEY,accounting_journal_entries_brand_id_fkey,brand_id
accounting_journal_entries,FOREIGN KEY,accounting_journal_entries_reverses_entry_id_fkey,reverses_entry_id
accounting_journal_entries,PRIMARY KEY,accounting_journal_entries_pkey,id
accounting_journal_entries,UNIQUE,accounting_journal_entries_brand_id_entry_number_key,entry_number
accounting_journal_entries,UNIQUE,accounting_journal_entries_brand_id_entry_number_key,brand_id
accounting_journal_lines,CHECK,2200_210991_3_not_null,
accounting_journal_lines,CHECK,2200_210991_4_not_null,
accounting_journal_lines,CHECK,2200_210991_1_not_null,
accounting_journal_lines,CHECK,2200_210991_6_not_null,
accounting_journal_lines,CHECK,2200_210991_5_not_null,
accounting_journal_lines,CHECK,2200_210991_2_not_null,
accounting_journal_lines,FOREIGN KEY,accounting_journal_lines_voucher_line_id_fkey,voucher_line_id
accounting_journal_lines,FOREIGN KEY,accounting_journal_lines_account_id_fkey,account_id
accounting_journal_lines,FOREIGN KEY,accounting_journal_lines_journal_entry_id_fkey,journal_entry_id
accounting_journal_lines,PRIMARY KEY,accounting_journal_lines_pkey,id
accounting_periods,CHECK,2200_210943_1_not_null,
accounting_periods,CHECK,2200_210943_8_not_null,
accounting_periods,CHECK,2200_210943_2_not_null,
accounting_periods,CHECK,accounting_periods_status_check,
accounting_periods,CHECK,accounting_periods_month_check,
accounting_periods,CHECK,2200_210943_5_not_null,
accounting_periods,CHECK,2200_210943_4_not_null,
accounting_periods,CHECK,2200_210943_3_not_null,
accounting_periods,FOREIGN KEY,accounting_periods_brand_id_fkey,brand_id
accounting_periods,PRIMARY KEY,accounting_periods_pkey,id
accounting_periods,UNIQUE,accounting_periods_brand_id_year_month_key,month
accounting_periods,UNIQUE,accounting_periods_brand_id_year_month_key,brand_id
accounting_periods,UNIQUE,accounting_periods_brand_id_year_month_key,year
accounting_petty_cash_reconciliations,CHECK,2200_211117_1_not_null,
accounting_petty_cash_reconciliations,CHECK,2200_211117_7_not_null,
accounting_petty_cash_reconciliations,CHECK,2200_211117_6_not_null,
accounting_petty_cash_reconciliations,CHECK,2200_211117_5_not_null,
accounting_petty_cash_reconciliations,CHECK,2200_211117_4_not_null,
accounting_petty_cash_reconciliations,CHECK,2200_211117_3_not_null,
accounting_petty_cash_reconciliations,CHECK,2200_211117_2_not_null,
accounting_petty_cash_reconciliations,FOREIGN KEY,accounting_petty_cash_reconciliations_brand_id_fkey,brand_id
accounting_petty_cash_reconciliations,PRIMARY KEY,accounting_petty_cash_reconciliations_pkey,id
accounting_posting_errors,CHECK,2200_211276_3_not_null,
accounting_posting_errors,CHECK,2200_211276_1_not_null,
accounting_posting_errors,CHECK,2200_211276_5_not_null,
accounting_posting_errors,CHECK,2200_211276_4_not_null,
accounting_posting_errors,CHECK,2200_211276_2_not_null,
accounting_posting_errors,FOREIGN KEY,accounting_posting_errors_brand_id_fkey,brand_id
accounting_posting_errors,PRIMARY KEY,accounting_posting_errors_pkey,id
accounting_voucher_lines,CHECK,2200_210855_4_not_null,
accounting_voucher_lines,CHECK,2200_210855_5_not_null,
accounting_voucher_lines,CHECK,2200_210855_3_not_null,
accounting_voucher_lines,CHECK,2200_210855_2_not_null,
accounting_voucher_lines,CHECK,2200_210855_1_not_null,
accounting_voucher_lines,FOREIGN KEY,accounting_voucher_lines_voucher_id_fkey,voucher_id
accounting_voucher_lines,FOREIGN KEY,accounting_voucher_lines_debit_account_id_fkey,debit_account_id
accounting_voucher_lines,FOREIGN KEY,accounting_voucher_lines_po_id_fkey,po_id
accounting_voucher_lines,PRIMARY KEY,accounting_voucher_lines_pkey,id
accounting_voucher_links,CHECK,2200_210878_5_not_null,
accounting_voucher_links,CHECK,2200_210878_4_not_null,
accounting_voucher_links,CHECK,2200_210878_3_not_null,
accounting_voucher_links,CHECK,2200_210878_2_not_null,
accounting_voucher_links,CHECK,2200_210878_1_not_null,
accounting_voucher_links,CHECK,accounting_voucher_links_link_role_check,
accounting_voucher_links,CHECK,accounting_voucher_links_source_type_check,
accounting_voucher_links,FOREIGN KEY,accounting_voucher_links_voucher_id_fkey,voucher_id
accounting_voucher_links,PRIMARY KEY,accounting_voucher_links_pkey,id
accounting_voucher_settings,CHECK,2200_210791_2_not_null,
accounting_voucher_settings,CHECK,2200_210791_37_not_null,
accounting_voucher_settings,CHECK,2200_210791_1_not_null,
accounting_voucher_settings,FOREIGN KEY,accounting_voucher_settings_default_sales_account_id_fkey,default_sales_account_id
accounting_voucher_settings,FOREIGN KEY,accounting_voucher_settings_default_payroll_expense_accoun_fkey,default_payroll_expense_account_id
accounting_voucher_settings,FOREIGN KEY,accounting_voucher_settings_default_accrued_payroll_accoun_fkey,default_accrued_payroll_account_id
accounting_voucher_settings,FOREIGN KEY,accounting_voucher_settings_default_ap_account_id_fkey,default_ap_account_id
accounting_voucher_settings,FOREIGN KEY,accounting_voucher_settings_default_ar_account_id_fkey,default_ar_account_id
accounting_voucher_settings,FOREIGN KEY,accounting_voucher_settings_default_cash_account_id_fkey,default_cash_account_id
accounting_voucher_settings,FOREIGN KEY,accounting_voucher_settings_default_delivery_income_accoun_fkey,default_delivery_income_account_id
accounting_voucher_settings,FOREIGN KEY,accounting_voucher_settings_default_due_to_gfc_account_id_fkey,default_due_to_gfc_account_id
accounting_voucher_settings,FOREIGN KEY,accounting_voucher_settings_brand_id_fkey,brand_id
accounting_voucher_settings,FOREIGN KEY,accounting_voucher_settings_default_intercompany_cogs_acco_fkey,default_intercompany_cogs_account_id
accounting_voucher_settings,FOREIGN KEY,accounting_voucher_settings_default_intercompany_markup_ac_fkey,default_intercompany_markup_account_id
accounting_voucher_settings,FOREIGN KEY,accounting_voucher_settings_default_intercompany_sales_acc_fkey,default_intercompany_sales_account_id
accounting_voucher_settings,FOREIGN KEY,accounting_voucher_settings_default_inventory_account_id_fkey,default_inventory_account_id
accounting_voucher_settings,FOREIGN KEY,accounting_voucher_settings_default_inventory_variance_acc_fkey,default_inventory_variance_account_id
accounting_voucher_settings,FOREIGN KEY,accounting_voucher_settings_default_staff_advance_account__fkey,default_staff_advance_account_id
accounting_voucher_settings,FOREIGN KEY,accounting_voucher_settings_default_petty_cash_account_id_fkey,default_petty_cash_account_id
accounting_voucher_settings,PRIMARY KEY,accounting_voucher_settings_pkey,id
accounting_voucher_settings,UNIQUE,accounting_voucher_settings_brand_id_key,brand_id
accounting_vouchers,CHECK,2200_210820_5_not_null,
accounting_vouchers,CHECK,2200_210820_26_not_null,
accounting_vouchers,CHECK,2200_210820_1_not_null,
accounting_vouchers,CHECK,2200_210820_3_not_null,
accounting_vouchers,CHECK,2200_210820_4_not_null,
accounting_vouchers,CHECK,accounting_vouchers_voucher_type_check,
accounting_vouchers,CHECK,accounting_vouchers_payment_mode_check,
accounting_vouchers,CHECK,accounting_vouchers_payee_kind_check,
accounting_vouchers,CHECK,2200_210820_2_not_null,
accounting_vouchers,FOREIGN KEY,accounting_vouchers_journal_entry_id_fkey,journal_entry_id
accounting_vouchers,FOREIGN KEY,accounting_vouchers_brand_id_fkey,brand_id
accounting_vouchers,PRIMARY KEY,accounting_vouchers_pkey,id
accounting_vouchers,UNIQUE,accounting_vouchers_voucher_type_voucher_number_key,voucher_number
accounting_vouchers,UNIQUE,accounting_vouchers_voucher_type_voucher_number_key,voucher_type
accounting_year_end_closes,CHECK,2200_211256_1_not_null,
accounting_year_end_closes,CHECK,2200_211256_2_not_null,
accounting_year_end_closes,CHECK,2200_211256_3_not_null,
accounting_year_end_closes,CHECK,2200_211256_4_not_null,
accounting_year_end_closes,FOREIGN KEY,accounting_year_end_closes_brand_id_fkey,brand_id
accounting_year_end_closes,FOREIGN KEY,accounting_year_end_closes_journal_entry_id_fkey,journal_entry_id
accounting_year_end_closes,PRIMARY KEY,accounting_year_end_closes_pkey,id
accounting_year_end_closes,UNIQUE,accounting_year_end_closes_brand_id_fiscal_year_key,fiscal_year
accounting_year_end_closes,UNIQUE,accounting_year_end_closes_brand_id_fiscal_year_key,brand_id
admin_credentials,CHECK,2200_43923_7_not_null,
admin_credentials,CHECK,admin_credentials_role_check,
admin_credentials,CHECK,2200_43923_1_not_null,
admin_credentials,CHECK,2200_43923_2_not_null,
admin_credentials,CHECK,2200_43923_3_not_null,
admin_credentials,PRIMARY KEY,admin_credentials_pkey,id
admin_credentials,UNIQUE,admin_credentials_username_key,username
announcements,CHECK,2200_46490_1_not_null,
announcements,CHECK,announcements_type_check,
announcements,CHECK,2200_46490_4_not_null,
announcements,CHECK,2200_46490_3_not_null,
announcements,CHECK,2200_46490_2_not_null,
announcements,FOREIGN KEY,announcements_staff_registration_id_fkey,staff_registration_id
announcements,PRIMARY KEY,announcements_pkey,id
brands,CHECK,brands_brand_role_check,
brands,CHECK,2200_18381_1_not_null,
brands,CHECK,2200_18381_3_not_null,
brands,CHECK,2200_18381_2_not_null,
brands,CHECK,2200_18381_7_not_null,
brands,PRIMARY KEY,brands_pkey,id
brands,UNIQUE,brands_name_key,name
brands,UNIQUE,brands_slug_key,slug
customer_order_status_history,CHECK,2200_211310_4_not_null,
customer_order_status_history,CHECK,2200_211310_2_not_null,
customer_order_status_history,CHECK,2200_211310_1_not_null,
customer_order_status_history,CHECK,2200_211310_5_not_null,
customer_order_status_history,FOREIGN KEY,customer_order_status_history_order_id_fkey,order_id
customer_order_status_history,PRIMARY KEY,customer_order_status_history_pkey,id
customer_orders,CHECK,2200_18435_2_not_null,
customer_orders,CHECK,2200_18435_15_not_null,
customer_orders,CHECK,2200_18435_12_not_null,
customer_orders,CHECK,2200_18435_6_not_null,
customer_orders,CHECK,2200_18435_1_not_null,
customer_orders,CHECK,2200_18435_3_not_null,
customer_orders,FOREIGN KEY,customer_orders_location_id_fkey,location_id
customer_orders,FOREIGN KEY,customer_orders_brand_id_fkey,brand_id
customer_orders,FOREIGN KEY,customer_orders_journal_entry_id_cash_fkey,journal_entry_id_cash
customer_orders,FOREIGN KEY,customer_orders_journal_entry_id_cogs_fkey,journal_entry_id_cogs
customer_orders,FOREIGN KEY,customer_orders_journal_entry_id_revenue_fkey,journal_entry_id_revenue
customer_orders,PRIMARY KEY,customer_orders_pkey,id
daily_stock_summaries,CHECK,2200_18476_3_not_null,
daily_stock_summaries,CHECK,2200_18476_2_not_null,
daily_stock_summaries,CHECK,2200_18476_1_not_null,
daily_stock_summaries,FOREIGN KEY,daily_stock_summaries_brand_id_fkey,brand_id
daily_stock_summaries,PRIMARY KEY,daily_stock_summaries_pkey,id
daily_stock_summaries,UNIQUE,daily_stock_summaries_brand_id_date_key,brand_id
daily_stock_summaries,UNIQUE,daily_stock_summaries_brand_id_date_key,date
delivery_receipt_items,CHECK,2200_93011_2_not_null,
delivery_receipt_items,CHECK,2200_93011_4_not_null,
delivery_receipt_items,CHECK,2200_93011_1_not_null,
delivery_receipt_items,CHECK,2200_93011_3_not_null,
delivery_receipt_items,FOREIGN KEY,delivery_receipt_items_delivery_receipt_id_fkey,delivery_receipt_id
delivery_receipt_items,FOREIGN KEY,delivery_receipt_items_po_item_id_fkey,po_item_id
delivery_receipt_items,PRIMARY KEY,delivery_receipt_items_pkey,id
delivery_receipts,CHECK,2200_92542_3_not_null,
delivery_receipts,CHECK,delivery_condition_check,
delivery_receipts,CHECK,2200_92542_2_not_null,
delivery_receipts,CHECK,2200_92542_1_not_null,
delivery_receipts,CHECK,2200_92542_5_not_null,
delivery_receipts,CHECK,2200_92542_4_not_null,
delivery_receipts,FOREIGN KEY,delivery_receipts_journal_entry_id_fkey,journal_entry_id
delivery_receipts,PRIMARY KEY,delivery_receipts_pkey,id
delivery_receipts,UNIQUE,delivery_receipts_receipt_number_key,receipt_number
dsir_discounts,CHECK,2200_28385_4_not_null,
dsir_discounts,CHECK,2200_28385_1_not_null,
dsir_discounts,CHECK,2200_28385_2_not_null,
dsir_discounts,CHECK,dsir_discounts_id_type_check,
dsir_discounts,CHECK,2200_28385_3_not_null,
dsir_discounts,CHECK,2200_28385_5_not_null,
dsir_discounts,FOREIGN KEY,dsir_discounts_dsir_report_id_fkey,dsir_report_id
dsir_discounts,PRIMARY KEY,dsir_discounts_pkey,id
dsir_expenses,CHECK,2200_28401_2_not_null,
dsir_expenses,CHECK,2200_28401_1_not_null,
dsir_expenses,FOREIGN KEY,dsir_expenses_dsir_report_id_fkey,dsir_report_id
dsir_expenses,PRIMARY KEY,dsir_expenses_pkey,id
dsir_ice_cream_inventory,CHECK,2200_28352_3_not_null,
dsir_ice_cream_inventory,CHECK,2200_28352_2_not_null,
dsir_ice_cream_inventory,CHECK,2200_28352_1_not_null,
dsir_ice_cream_inventory,FOREIGN KEY,dsir_ice_cream_inventory_dsir_report_id_fkey,dsir_report_id
dsir_ice_cream_inventory,PRIMARY KEY,dsir_ice_cream_inventory_pkey,id
dsir_materials_inventory,CHECK,2200_28369_2_not_null,
dsir_materials_inventory,CHECK,2200_28369_3_not_null,
dsir_materials_inventory,CHECK,2200_28369_1_not_null,
dsir_materials_inventory,FOREIGN KEY,dsir_materials_inventory_dsir_report_id_fkey,dsir_report_id
dsir_materials_inventory,PRIMARY KEY,dsir_materials_inventory_pkey,id
dsir_predefined_items,CHECK,2200_28461_3_not_null,
dsir_predefined_items,CHECK,2200_28461_2_not_null,
dsir_predefined_items,CHECK,2200_28461_1_not_null,
dsir_predefined_items,CHECK,dsir_predefined_items_category_check,
dsir_predefined_items,CHECK,2200_28461_4_not_null,
dsir_predefined_items,FOREIGN KEY,dsir_predefined_items_brand_id_fkey,brand_id
dsir_predefined_items,PRIMARY KEY,dsir_predefined_items_pkey,id
dsir_predefined_items,UNIQUE,dsir_predefined_items_brand_id_category_name_key,name
dsir_predefined_items,UNIQUE,dsir_predefined_items_brand_id_category_name_key,brand_id
dsir_predefined_items,UNIQUE,dsir_predefined_items_brand_id_category_name_key,category
dsir_reports,CHECK,2200_28302_3_not_null,
dsir_reports,CHECK,2200_28302_4_not_null,
dsir_reports,CHECK,2200_28302_1_not_null,
dsir_reports,CHECK,2200_28302_2_not_null,
dsir_reports,FOREIGN KEY,dsir_reports_staff_registration_id_fkey,staff_registration_id
dsir_reports,FOREIGN KEY,dsir_reports_location_id_fkey,location_id
dsir_reports,PRIMARY KEY,dsir_reports_pkey,id
dsir_reports,UNIQUE,dsir_reports_location_id_report_date_staff_registration_id_key,location_id
dsir_reports,UNIQUE,dsir_reports_location_id_report_date_staff_registration_id_key,staff_registration_id
dsir_reports,UNIQUE,dsir_reports_location_id_report_date_staff_registration_id_key,report_date
dsir_sales_inventory,CHECK,2200_28331_2_not_null,
dsir_sales_inventory,CHECK,2200_28331_1_not_null,
dsir_sales_inventory,CHECK,2200_28331_3_not_null,
dsir_sales_inventory,FOREIGN KEY,dsir_sales_inventory_dsir_report_id_fkey,dsir_report_id
dsir_sales_inventory,PRIMARY KEY,dsir_sales_inventory_pkey,id
dsir_sales_recon,CHECK,2200_28415_3_not_null,
dsir_sales_recon,CHECK,2200_28415_2_not_null,
dsir_sales_recon,CHECK,2200_28415_1_not_null,
dsir_sales_recon,FOREIGN KEY,dsir_sales_recon_dsir_report_id_fkey,dsir_report_id
dsir_sales_recon,PRIMARY KEY,dsir_sales_recon_pkey,id
factory_batch_material_usage,CHECK,2200_210480_6_not_null,
factory_batch_material_usage,CHECK,factory_batch_material_usage_quantity_used_check,
factory_batch_material_usage,CHECK,2200_210480_5_not_null,
factory_batch_material_usage,CHECK,2200_210480_4_not_null,
factory_batch_material_usage,CHECK,2200_210480_2_not_null,
factory_batch_material_usage,CHECK,2200_210480_1_not_null,
factory_batch_material_usage,FOREIGN KEY,factory_batch_material_usage_opened_material_id_fkey,opened_material_id
factory_batch_material_usage,FOREIGN KEY,factory_batch_material_usage_batch_id_fkey,batch_id
factory_batch_material_usage,FOREIGN KEY,factory_batch_material_usage_material_id_fkey,material_id
factory_batch_material_usage,PRIMARY KEY,factory_batch_material_usage_pkey,id
factory_daily_staff,CHECK,2200_209606_2_not_null,
factory_daily_staff,CHECK,2200_209606_1_not_null,
factory_daily_staff,CHECK,2200_209606_3_not_null,
factory_daily_staff,FOREIGN KEY,factory_daily_staff_staff_registration_id_fkey,staff_registration_id
factory_daily_staff,PRIMARY KEY,factory_daily_staff_pkey,id
factory_daily_staff,UNIQUE,factory_daily_staff_work_date_staff_registration_id_key,work_date
factory_daily_staff,UNIQUE,factory_daily_staff_work_date_staff_registration_id_key,staff_registration_id
factory_material_requests,CHECK,factory_material_requests_quantity_used_check,
factory_material_requests,CHECK,2200_209585_1_not_null,
factory_material_requests,CHECK,2200_209585_2_not_null,
factory_material_requests,CHECK,2200_209585_3_not_null,
factory_material_requests,CHECK,2200_209585_4_not_null,
factory_material_requests,CHECK,2200_209585_6_not_null,
factory_material_requests,CHECK,2200_209585_9_not_null,
factory_material_requests,CHECK,factory_material_requests_quantity_check,
factory_material_requests,CHECK,factory_material_requests_status_check,
factory_material_requests,FOREIGN KEY,factory_material_requests_material_id_fkey,material_id
factory_material_requests,FOREIGN KEY,factory_material_requests_brand_id_fkey,brand_id
factory_material_requests,PRIMARY KEY,factory_material_requests_pkey,id
factory_opened_materials,CHECK,2200_210280_7_not_null,
factory_opened_materials,CHECK,2200_210280_6_not_null,
factory_opened_materials,CHECK,2200_210280_5_not_null,
factory_opened_materials,CHECK,2200_210280_4_not_null,
factory_opened_materials,CHECK,2200_210280_13_not_null,
factory_opened_materials,CHECK,factory_opened_remaining_lte_opened,
factory_opened_materials,CHECK,factory_opened_materials_status_check,
factory_opened_materials,CHECK,2200_210280_8_not_null,
factory_opened_materials,CHECK,2200_210280_2_not_null,
factory_opened_materials,CHECK,factory_opened_materials_inventory_kind_check,
factory_opened_materials,CHECK,factory_opened_materials_quantity_remaining_check,
factory_opened_materials,CHECK,factory_opened_materials_quantity_opened_check,
factory_opened_materials,CHECK,2200_210280_1_not_null,
factory_opened_materials,FOREIGN KEY,factory_opened_materials_factory_request_id_fkey,factory_request_id
factory_opened_materials,FOREIGN KEY,factory_opened_materials_material_id_fkey,material_id
factory_opened_materials,PRIMARY KEY,factory_opened_materials_pkey,id
factory_production_batches,CHECK,factory_production_batches_units_check,
factory_production_batches,CHECK,factory_production_batches_status_check,
factory_production_batches,CHECK,2200_210454_1_not_null,
factory_production_batches,CHECK,2200_210454_2_not_null,
factory_production_batches,CHECK,2200_210454_3_not_null,
factory_production_batches,CHECK,2200_210454_4_not_null,
factory_production_batches,CHECK,2200_210454_5_not_null,
factory_production_batches,CHECK,2200_210454_6_not_null,
factory_production_batches,CHECK,2200_210454_7_not_null,
factory_production_batches,CHECK,2200_210454_8_not_null,
factory_production_batches,FOREIGN KEY,factory_production_batches_schedule_id_fkey,schedule_id
factory_production_batches,FOREIGN KEY,factory_production_batches_product_id_fkey,product_id
factory_production_batches,FOREIGN KEY,factory_production_batches_journal_entry_id_fkey,journal_entry_id
factory_production_batches,FOREIGN KEY,factory_production_batches_intercompany_transfer_id_fkey,intercompany_transfer_id
factory_production_batches,PRIMARY KEY,factory_production_batches_pkey,id
factory_sticker_requests,CHECK,2200_210419_3_not_null,
factory_sticker_requests,CHECK,2200_210419_2_not_null,
factory_sticker_requests,CHECK,2200_210419_1_not_null,
factory_sticker_requests,CHECK,2200_210419_10_not_null,
factory_sticker_requests,CHECK,2200_210419_7_not_null,
factory_sticker_requests,CHECK,2200_210419_6_not_null,
factory_sticker_requests,CHECK,2200_210419_5_not_null,
factory_sticker_requests,CHECK,2200_210419_4_not_null,
factory_sticker_requests,CHECK,factory_sticker_requests_fulfilled_lte_qty,
factory_sticker_requests,CHECK,factory_sticker_requests_status_check,
factory_sticker_requests,CHECK,factory_sticker_requests_quantity_fulfilled_check,
factory_sticker_requests,CHECK,factory_sticker_requests_quantity_check,
factory_sticker_requests,FOREIGN KEY,factory_sticker_requests_product_id_fkey,product_id
factory_sticker_requests,FOREIGN KEY,factory_sticker_requests_schedule_id_fkey,schedule_id
factory_sticker_requests,PRIMARY KEY,factory_sticker_requests_pkey,id
fixed_assets,CHECK,2200_210692_9_not_null,
fixed_assets,CHECK,2200_210692_2_not_null,
fixed_assets,CHECK,2200_210692_1_not_null,
fixed_assets,CHECK,2200_210692_4_not_null,
fixed_assets,CHECK,2200_210692_7_not_null,
fixed_assets,CHECK,2200_210692_8_not_null,
fixed_assets,CHECK,2200_210692_12_not_null,
fixed_assets,FOREIGN KEY,fixed_assets_brand_id_fkey,brand_id
fixed_assets,FOREIGN KEY,fixed_assets_supplier_id_fkey,supplier_id
fixed_assets,PRIMARY KEY,fixed_assets_pkey,id
fixed_assets,UNIQUE,fixed_assets_brand_id_asset_name_key,asset_name
fixed_assets,UNIQUE,fixed_assets_brand_id_asset_name_key,brand_id
gfc_attendance_logs,CHECK,2200_212031_5_not_null,
gfc_attendance_logs,CHECK,2200_212031_6_not_null,
gfc_attendance_logs,CHECK,2200_212031_7_not_null,
gfc_attendance_logs,CHECK,2200_212031_2_not_null,
gfc_attendance_logs,CHECK,2200_212031_1_not_null,
gfc_attendance_logs,FOREIGN KEY,gfc_attendance_logs_staff_registration_id_fkey,staff_registration_id
gfc_attendance_logs,PRIMARY KEY,gfc_attendance_logs_pkey,id
gfc_attendance_logs,UNIQUE,gfc_attendance_logs_enrollment_no_punch_at_key,enrollment_no
gfc_attendance_logs,UNIQUE,gfc_attendance_logs_enrollment_no_punch_at_key,punch_at
intercompany_brand_settings,CHECK,2200_211810_3_not_null,
intercompany_brand_settings,CHECK,2200_211810_2_not_null,
intercompany_brand_settings,CHECK,2200_211810_1_not_null,
intercompany_brand_settings,CHECK,2200_211810_6_not_null,
intercompany_brand_settings,FOREIGN KEY,intercompany_brand_settings_retail_brand_id_fkey,retail_brand_id
intercompany_brand_settings,FOREIGN KEY,intercompany_brand_settings_due_from_account_id_fkey,due_from_account_id
intercompany_brand_settings,FOREIGN KEY,intercompany_brand_settings_due_to_account_id_fkey,due_to_account_id
intercompany_brand_settings,FOREIGN KEY,intercompany_brand_settings_factory_brand_id_fkey,factory_brand_id
intercompany_brand_settings,PRIMARY KEY,intercompany_brand_settings_pkey,id
intercompany_brand_settings,UNIQUE,intercompany_brand_settings_factory_brand_id_retail_brand_i_key,factory_brand_id
intercompany_brand_settings,UNIQUE,intercompany_brand_settings_factory_brand_id_retail_brand_i_key,retail_brand_id
intercompany_transfer_lines,CHECK,2200_211885_1_not_null,
intercompany_transfer_lines,CHECK,2200_211885_12_not_null,
intercompany_transfer_lines,CHECK,2200_211885_11_not_null,
intercompany_transfer_lines,CHECK,2200_211885_10_not_null,
intercompany_transfer_lines,CHECK,2200_211885_9_not_null,
intercompany_transfer_lines,CHECK,2200_211885_2_not_null,
intercompany_transfer_lines,CHECK,2200_211885_3_not_null,
intercompany_transfer_lines,CHECK,2200_211885_8_not_null,
intercompany_transfer_lines,FOREIGN KEY,intercompany_transfer_lines_dest_product_id_fkey,dest_product_id
intercompany_transfer_lines,FOREIGN KEY,intercompany_transfer_lines_transfer_id_fkey,transfer_id
intercompany_transfer_lines,FOREIGN KEY,intercompany_transfer_lines_source_product_id_fkey,source_product_id
intercompany_transfer_lines,PRIMARY KEY,intercompany_transfer_lines_pkey,id
intercompany_transfers,CHECK,2200_211845_9_not_null,
intercompany_transfers,CHECK,2200_211845_1_not_null,
intercompany_transfers,CHECK,2200_211845_2_not_null,
intercompany_transfers,CHECK,intercompany_transfers_status_check,
intercompany_transfers,CHECK,2200_211845_3_not_null,
intercompany_transfers,CHECK,2200_211845_4_not_null,
intercompany_transfers,CHECK,2200_211845_5_not_null,
intercompany_transfers,CHECK,2200_211845_6_not_null,
intercompany_transfers,CHECK,2200_211845_7_not_null,
intercompany_transfers,CHECK,2200_211845_8_not_null,
intercompany_transfers,FOREIGN KEY,intercompany_transfers_journal_entry_id_to_fkey,journal_entry_id_to
intercompany_transfers,FOREIGN KEY,intercompany_transfers_settlement_journal_entry_id_from_fkey,settlement_journal_entry_id_from
intercompany_transfers,FOREIGN KEY,intercompany_transfers_to_brand_id_fkey,to_brand_id
intercompany_transfers,FOREIGN KEY,intercompany_transfers_settlement_journal_entry_id_to_fkey,settlement_journal_entry_id_to
intercompany_transfers,FOREIGN KEY,intercompany_transfers_journal_entry_id_from_fkey,journal_entry_id_from
intercompany_transfers,FOREIGN KEY,intercompany_transfers_from_brand_id_fkey,from_brand_id
intercompany_transfers,PRIMARY KEY,intercompany_transfers_pkey,id
intercompany_transfers,UNIQUE,intercompany_transfers_from_brand_id_transfer_number_key,from_brand_id
intercompany_transfers,UNIQUE,intercompany_transfers_from_brand_id_transfer_number_key,transfer_number
leave_requests,CHECK,leave_requests_request_type_check,
leave_requests,CHECK,2200_44062_1_not_null,
leave_requests,CHECK,2200_44062_2_not_null,
leave_requests,CHECK,2200_44062_3_not_null,
leave_requests,CHECK,2200_44062_4_not_null,
leave_requests,CHECK,2200_44062_5_not_null,
leave_requests,CHECK,2200_44062_6_not_null,
leave_requests,CHECK,2200_44062_7_not_null,
leave_requests,CHECK,2200_44062_8_not_null,
leave_requests,CHECK,leave_requests_status_check,
leave_requests,FOREIGN KEY,leave_requests_staff_registration_id_fkey,staff_registration_id
leave_requests,FOREIGN KEY,leave_requests_location_id_fkey,location_id
leave_requests,FOREIGN KEY,leave_requests_approved_by_fkey,approved_by
leave_requests,PRIMARY KEY,leave_requests_pkey,id
locations,CHECK,2200_18418_2_not_null,
locations,CHECK,2200_18418_3_not_null,
locations,CHECK,2200_18418_1_not_null,
locations,CHECK,2200_18418_12_not_null,
locations,FOREIGN KEY,locations_brand_id_fkey,brand_id
locations,PRIMARY KEY,locations_pkey,id
locations,UNIQUE,locations_passkey_key,passkey
logistics_assignments,CHECK,2200_21018_5_not_null,
logistics_assignments,CHECK,logistics_assignments_time_slot_check,
logistics_assignments,CHECK,logistics_assignments_status_check,
logistics_assignments,CHECK,2200_21018_4_not_null,
logistics_assignments,CHECK,2200_21018_3_not_null,
logistics_assignments,CHECK,2200_21018_2_not_null,
logistics_assignments,CHECK,2200_21018_1_not_null,
logistics_assignments,FOREIGN KEY,logistics_assignments_order_id_fkey,order_id
logistics_assignments,PRIMARY KEY,logistics_assignments_pkey,id
logistics_assignments,UNIQUE,logistics_assignments_order_id_date_time_slot_key,order_id
logistics_assignments,UNIQUE,logistics_assignments_order_id_date_time_slot_key,date
logistics_assignments,UNIQUE,logistics_assignments_order_id_date_time_slot_key,time_slot
material_cycle_count_lines,CHECK,2200_210386_8_not_null,
material_cycle_count_lines,CHECK,2200_210386_9_not_null,
material_cycle_count_lines,CHECK,2200_210386_4_not_null,
material_cycle_count_lines,CHECK,2200_210386_3_not_null,
material_cycle_count_lines,CHECK,2200_210386_2_not_null,
material_cycle_count_lines,CHECK,2200_210386_1_not_null,
material_cycle_count_lines,FOREIGN KEY,material_cycle_count_lines_cycle_count_id_fkey,cycle_count_id
material_cycle_count_lines,FOREIGN KEY,material_cycle_count_lines_adjustment_movement_id_fkey,adjustment_movement_id
material_cycle_count_lines,FOREIGN KEY,material_cycle_count_lines_material_id_fkey,material_id
material_cycle_count_lines,PRIMARY KEY,material_cycle_count_lines_pkey,id
material_cycle_count_lines,UNIQUE,material_cycle_count_lines_cycle_count_id_material_id_key,cycle_count_id
material_cycle_count_lines,UNIQUE,material_cycle_count_lines_cycle_count_id_material_id_key,material_id
material_cycle_counts,CHECK,2200_210368_9_not_null,
material_cycle_counts,CHECK,2200_210368_10_not_null,
material_cycle_counts,CHECK,material_cycle_counts_status_check,
material_cycle_counts,CHECK,2200_210368_2_not_null,
material_cycle_counts,CHECK,2200_210368_3_not_null,
material_cycle_counts,CHECK,2200_210368_4_not_null,
material_cycle_counts,CHECK,2200_210368_1_not_null,
material_cycle_counts,FOREIGN KEY,material_cycle_counts_brand_id_fkey,brand_id
material_cycle_counts,FOREIGN KEY,material_cycle_counts_journal_entry_id_fkey,journal_entry_id
material_cycle_counts,PRIMARY KEY,material_cycle_counts_pkey,id
material_stock_alerts,CHECK,alert_type_check,
material_stock_alerts,CHECK,2200_93081_4_not_null,
material_stock_alerts,CHECK,2200_93081_3_not_null,
material_stock_alerts,CHECK,2200_93081_2_not_null,
material_stock_alerts,CHECK,2200_93081_1_not_null,
material_stock_alerts,FOREIGN KEY,material_stock_alerts_material_id_fkey,material_id
material_stock_alerts,PRIMARY KEY,material_stock_alerts_pkey,id
material_stock_movements,CHECK,2200_93065_1_not_null,
material_stock_movements,CHECK,2200_93065_2_not_null,
material_stock_movements,CHECK,2200_93065_3_not_null,
material_stock_movements,CHECK,movement_type_check,
material_stock_movements,CHECK,2200_93065_10_not_null,
material_stock_movements,CHECK,2200_93065_4_not_null,
material_stock_movements,FOREIGN KEY,material_stock_movements_material_id_fkey,material_id
material_stock_movements,FOREIGN KEY,material_stock_movements_journal_entry_id_fkey,journal_entry_id
material_stock_movements,PRIMARY KEY,material_stock_movements_pkey,id
material_transfer_lines,CHECK,2200_212299_1_not_null,
material_transfer_lines,CHECK,2200_212299_3_not_null,
material_transfer_lines,CHECK,2200_212299_10_not_null,
material_transfer_lines,CHECK,2200_212299_9_not_null,
material_transfer_lines,CHECK,2200_212299_8_not_null,
material_transfer_lines,CHECK,2200_212299_2_not_null,
material_transfer_lines,FOREIGN KEY,material_transfer_lines_transfer_id_fkey,transfer_id
material_transfer_lines,FOREIGN KEY,material_transfer_lines_source_material_id_fkey,source_material_id
material_transfer_lines,FOREIGN KEY,material_transfer_lines_dest_material_id_fkey,dest_material_id
material_transfer_lines,PRIMARY KEY,material_transfer_lines_pkey,id
material_transfers,CHECK,2200_212261_7_not_null,
material_transfers,CHECK,2200_212261_5_not_null,
material_transfers,CHECK,material_transfers_status_check,
material_transfers,CHECK,2200_212261_4_not_null,
material_transfers,CHECK,2200_212261_3_not_null,
material_transfers,CHECK,2200_212261_2_not_null,
material_transfers,CHECK,2200_212261_6_not_null,
material_transfers,CHECK,2200_212261_1_not_null,
material_transfers,FOREIGN KEY,material_transfers_to_brand_id_fkey,to_brand_id
material_transfers,FOREIGN KEY,material_transfers_from_brand_id_fkey,from_brand_id
material_transfers,FOREIGN KEY,material_transfers_journal_entry_id_from_fkey,journal_entry_id_from
material_transfers,FOREIGN KEY,material_transfers_journal_entry_id_to_fkey,journal_entry_id_to
material_transfers,PRIMARY KEY,material_transfers_pkey,id
material_transfers,UNIQUE,material_transfers_from_brand_id_transfer_number_key,from_brand_id
material_transfers,UNIQUE,material_transfers_from_brand_id_transfer_number_key,transfer_number
order_details,CHECK,2200_18457_3_not_null,
order_details,CHECK,2200_18457_2_not_null,
order_details,CHECK,2200_18457_1_not_null,
order_details,CHECK,2200_18457_4_not_null,
order_details,FOREIGN KEY,order_details_order_id_fkey,order_id
order_details,FOREIGN KEY,order_details_product_id_fkey,product_id
order_details,PRIMARY KEY,order_details_pkey,id
payroll_deductions_refunds,CHECK,2200_48876_3_not_null,
payroll_deductions_refunds,CHECK,2200_48876_1_not_null,
payroll_deductions_refunds,CHECK,2200_48876_2_not_null,
payroll_deductions_refunds,CHECK,2200_48876_4_not_null,
payroll_deductions_refunds,FOREIGN KEY,payroll_deductions_refunds_staff_id_fkey,staff_id
payroll_deductions_refunds,PRIMARY KEY,payroll_deductions_refunds_pkey,id
payroll_deductions_refunds,UNIQUE,payroll_deductions_refunds_staff_id_week_start_date_week_en_key,staff_id
payroll_deductions_refunds,UNIQUE,payroll_deductions_refunds_staff_id_week_start_date_week_en_key,week_end_date
payroll_deductions_refunds,UNIQUE,payroll_deductions_refunds_staff_id_week_start_date_week_en_key,week_start_date
payroll_run_brand_totals,CHECK,2200_211618_6_not_null,
payroll_run_brand_totals,CHECK,2200_211618_7_not_null,
payroll_run_brand_totals,CHECK,2200_211618_8_not_null,
payroll_run_brand_totals,CHECK,2200_211618_5_not_null,
payroll_run_brand_totals,CHECK,2200_211618_2_not_null,
payroll_run_brand_totals,CHECK,2200_211618_1_not_null,
payroll_run_brand_totals,CHECK,2200_211618_9_not_null,
payroll_run_brand_totals,CHECK,2200_211618_4_not_null,
payroll_run_brand_totals,CHECK,2200_211618_3_not_null,
payroll_run_brand_totals,FOREIGN KEY,payroll_run_brand_totals_journal_entry_id_payment_fkey,journal_entry_id_payment
payroll_run_brand_totals,FOREIGN KEY,payroll_run_brand_totals_brand_id_fkey,brand_id
payroll_run_brand_totals,FOREIGN KEY,payroll_run_brand_totals_journal_entry_id_accrual_fkey,journal_entry_id_accrual
payroll_run_brand_totals,FOREIGN KEY,payroll_run_brand_totals_payment_voucher_id_fkey,payment_voucher_id
payroll_run_brand_totals,FOREIGN KEY,payroll_run_brand_totals_payroll_run_id_fkey,payroll_run_id
payroll_run_brand_totals,PRIMARY KEY,payroll_run_brand_totals_pkey,id
payroll_run_brand_totals,UNIQUE,payroll_run_brand_totals_payroll_run_id_brand_id_key,payroll_run_id
payroll_run_brand_totals,UNIQUE,payroll_run_brand_totals_payroll_run_id_brand_id_key,brand_id
payroll_run_lines,CHECK,2200_211573_8_not_null,
payroll_run_lines,CHECK,2200_211573_7_not_null,
payroll_run_lines,CHECK,2200_211573_6_not_null,
payroll_run_lines,CHECK,2200_211573_5_not_null,
payroll_run_lines,CHECK,2200_211573_4_not_null,
payroll_run_lines,CHECK,2200_211573_3_not_null,
payroll_run_lines,CHECK,2200_211573_2_not_null,
payroll_run_lines,CHECK,2200_211573_1_not_null,
payroll_run_lines,CHECK,2200_211573_21_not_null,
payroll_run_lines,CHECK,2200_211573_10_not_null,
payroll_run_lines,CHECK,2200_211573_9_not_null,
payroll_run_lines,CHECK,2200_211573_12_not_null,
payroll_run_lines,CHECK,2200_211573_13_not_null,
payroll_run_lines,CHECK,2200_211573_14_not_null,
payroll_run_lines,CHECK,2200_211573_16_not_null,
payroll_run_lines,CHECK,2200_211573_17_not_null,
payroll_run_lines,CHECK,2200_211573_18_not_null,
payroll_run_lines,CHECK,2200_211573_19_not_null,
payroll_run_lines,CHECK,2200_211573_11_not_null,
payroll_run_lines,CHECK,2200_211573_25_not_null,
payroll_run_lines,CHECK,2200_211573_23_not_null,
payroll_run_lines,CHECK,2200_211573_20_not_null,
payroll_run_lines,CHECK,2200_211573_22_not_null,
payroll_run_lines,FOREIGN KEY,payroll_run_lines_payroll_run_id_fkey,payroll_run_id
payroll_run_lines,FOREIGN KEY,payroll_run_lines_deductions_refund_id_fkey,deductions_refund_id
payroll_run_lines,FOREIGN KEY,payroll_run_lines_staff_id_fkey,staff_id
payroll_run_lines,PRIMARY KEY,payroll_run_lines_pkey,id
payroll_run_lines,UNIQUE,payroll_run_lines_payroll_run_id_staff_id_key,staff_id
payroll_run_lines,UNIQUE,payroll_run_lines_payroll_run_id_staff_id_key,payroll_run_id
payroll_runs,CHECK,2200_211557_3_not_null,
payroll_runs,CHECK,2200_211557_2_not_null,
payroll_runs,CHECK,payroll_runs_status_check,
payroll_runs,CHECK,2200_211557_1_not_null,
payroll_runs,CHECK,2200_211557_4_not_null,
payroll_runs,PRIMARY KEY,payroll_runs_pkey,id
payroll_runs,UNIQUE,payroll_runs_week_start_date_week_end_date_key,week_start_date
payroll_runs,UNIQUE,payroll_runs_week_start_date_week_end_date_key,week_end_date
po_payments,CHECK,2200_92991_2_not_null,
po_payments,CHECK,2200_92991_3_not_null,
po_payments,CHECK,2200_92991_4_not_null,
po_payments,CHECK,2200_92991_5_not_null,
po_payments,CHECK,2200_92991_6_not_null,
po_payments,CHECK,2200_92991_7_not_null,
po_payments,CHECK,payment_type_check,
po_payments,CHECK,payment_method_check,
po_payments,CHECK,2200_92991_1_not_null,
po_payments,FOREIGN KEY,po_payments_po_id_fkey,po_id
po_payments,PRIMARY KEY,po_payments_pkey,id
po_payments,UNIQUE,po_payments_payment_number_key,payment_number
po_purchaser_templates,CHECK,2200_210740_3_not_null,
po_purchaser_templates,CHECK,2200_210740_4_not_null,
po_purchaser_templates,CHECK,2200_210740_1_not_null,
po_purchaser_templates,CHECK,2200_210740_2_not_null,
po_purchaser_templates,FOREIGN KEY,po_purchaser_templates_brand_id_fkey,brand_id
po_purchaser_templates,PRIMARY KEY,po_purchaser_templates_pkey,id
po_status_history,CHECK,2200_93030_4_not_null,
po_status_history,CHECK,2200_93030_1_not_null,
po_status_history,CHECK,2200_93030_2_not_null,
po_status_history,CHECK,2200_93030_5_not_null,
po_status_history,FOREIGN KEY,po_status_history_po_id_fkey,po_id
po_status_history,PRIMARY KEY,po_status_history_pkey,id
product_bom_items,CHECK,2200_210031_8_not_null,
product_bom_items,CHECK,product_bom_items_quantity_mode_check,
product_bom_items,CHECK,product_bom_items_quantity_check,
product_bom_items,CHECK,2200_210031_2_not_null,
product_bom_items,CHECK,2200_210031_3_not_null,
product_bom_items,CHECK,2200_210031_1_not_null,
product_bom_items,CHECK,2200_210031_4_not_null,
product_bom_items,FOREIGN KEY,product_bom_items_material_id_fkey,material_id
product_bom_items,FOREIGN KEY,product_bom_items_product_id_fkey,product_id
product_bom_items,PRIMARY KEY,product_bom_items_pkey,id
product_bom_items,UNIQUE,product_bom_items_product_id_material_id_key,product_id
product_bom_items,UNIQUE,product_bom_items_product_id_material_id_key,material_id
product_category_sort,CHECK,2200_210010_4_not_null,
product_category_sort,CHECK,2200_210010_9_not_null,
product_category_sort,CHECK,2200_210010_8_not_null,
product_category_sort,CHECK,2200_210010_7_not_null,
product_category_sort,CHECK,2200_210010_3_not_null,
product_category_sort,CHECK,2200_210010_2_not_null,
product_category_sort,CHECK,2200_210010_1_not_null,
product_category_sort,FOREIGN KEY,product_category_sort_brand_id_fkey,brand_id
product_category_sort,PRIMARY KEY,product_category_sort_pkey,id
product_category_sort,UNIQUE,product_category_sort_brand_id_category_name_key,brand_id
product_category_sort,UNIQUE,product_category_sort_brand_id_category_name_key,category_name
product_cycle_count_lines,CHECK,2200_210546_4_not_null,
product_cycle_count_lines,CHECK,2200_210546_1_not_null,
product_cycle_count_lines,CHECK,2200_210546_2_not_null,
product_cycle_count_lines,CHECK,2200_210546_3_not_null,
product_cycle_count_lines,CHECK,2200_210546_7_not_null,
product_cycle_count_lines,CHECK,2200_210546_8_not_null,
product_cycle_count_lines,FOREIGN KEY,product_cycle_count_lines_cycle_count_id_fkey,cycle_count_id
product_cycle_count_lines,FOREIGN KEY,product_cycle_count_lines_product_id_fkey,product_id
product_cycle_count_lines,PRIMARY KEY,product_cycle_count_lines_pkey,id
product_cycle_count_lines,UNIQUE,product_cycle_count_lines_cycle_count_id_product_id_key,product_id
product_cycle_count_lines,UNIQUE,product_cycle_count_lines_cycle_count_id_product_id_key,cycle_count_id
product_cycle_counts,CHECK,product_cycle_counts_status_check,
product_cycle_counts,CHECK,2200_210528_2_not_null,
product_cycle_counts,CHECK,2200_210528_3_not_null,
product_cycle_counts,CHECK,2200_210528_1_not_null,
product_cycle_counts,CHECK,2200_210528_10_not_null,
product_cycle_counts,CHECK,2200_210528_9_not_null,
product_cycle_counts,CHECK,2200_210528_4_not_null,
product_cycle_counts,FOREIGN KEY,product_cycle_counts_brand_id_fkey,brand_id
product_cycle_counts,FOREIGN KEY,product_cycle_counts_journal_entry_id_fkey,journal_entry_id
product_cycle_counts,PRIMARY KEY,product_cycle_counts_pkey,id
production_schedules,CHECK,2200_194393_10_not_null,
production_schedules,CHECK,2200_194393_1_not_null,
production_schedules,CHECK,2200_194393_2_not_null,
production_schedules,CHECK,2200_194393_3_not_null,
production_schedules,CHECK,2200_194393_4_not_null,
production_schedules,CHECK,production_schedules_status_check,
production_schedules,CHECK,2200_194393_5_not_null,
production_schedules,FOREIGN KEY,production_schedules_product_id_fkey,product_id
production_schedules,FOREIGN KEY,production_schedules_for_brand_id_fkey,for_brand_id
production_schedules,PRIMARY KEY,production_schedules_pkey,id
production_schedules,UNIQUE,production_schedules_product_id_schedule_date_for_brand_id_key,schedule_date
production_schedules,UNIQUE,production_schedules_product_id_schedule_date_for_brand_id_key,product_id
production_schedules,UNIQUE,production_schedules_product_id_schedule_date_for_brand_id_key,for_brand_id
production_sticker_logs,CHECK,2200_194410_1_not_null,
production_sticker_logs,CHECK,2200_194410_2_not_null,
production_sticker_logs,CHECK,2200_194410_4_not_null,
production_sticker_logs,CHECK,2200_194410_5_not_null,
production_sticker_logs,FOREIGN KEY,production_sticker_logs_schedule_id_fkey,schedule_id
production_sticker_logs,FOREIGN KEY,production_sticker_logs_product_id_fkey,product_id
production_sticker_logs,PRIMARY KEY,production_sticker_logs_pkey,id
production_sticker_logs,UNIQUE,production_sticker_logs_serial_number_key,serial_number
products,CHECK,2200_18395_2_not_null,
products,CHECK,2200_18395_3_not_null,
products,CHECK,2200_18395_14_not_null,
products,CHECK,products_material_inventory_uom_check,
products,CHECK,2200_18395_15_not_null,
products,CHECK,products_bom_quantity_mode_check,
products,CHECK,2200_18395_1_not_null,
products,FOREIGN KEY,products_brand_id_fkey,brand_id
products,FOREIGN KEY,products_linked_material_id_fkey,linked_material_id
products,PRIMARY KEY,products_pkey,id
products,UNIQUE,products_brand_id_sku_key,brand_id
products,UNIQUE,products_brand_id_name_key,brand_id
products,UNIQUE,products_brand_id_sku_key,sku
products,UNIQUE,products_brand_id_name_key,name
purchase_order_items,CHECK,2200_92969_5_not_null,
purchase_order_items,CHECK,2200_92969_2_not_null,
purchase_order_items,CHECK,2200_92969_1_not_null,
purchase_order_items,CHECK,2200_92969_7_not_null,
purchase_order_items,CHECK,2200_92969_6_not_null,
purchase_order_items,CHECK,2200_92969_4_not_null,
purchase_order_items,FOREIGN KEY,purchase_order_items_material_id_fkey,material_id
purchase_order_items,FOREIGN KEY,purchase_order_items_pr_item_id_fkey,pr_item_id
purchase_order_items,FOREIGN KEY,purchase_order_items_po_id_fkey,po_id
purchase_order_items,FOREIGN KEY,purchase_order_items_fixed_asset_id_fkey,fixed_asset_id
purchase_order_items,PRIMARY KEY,purchase_order_items_pkey,id
purchase_orders,CHECK,2200_92926_15_not_null,
purchase_orders,CHECK,2200_92926_10_not_null,
purchase_orders,CHECK,po_payment_method_check,
purchase_orders,CHECK,po_payment_timing_check,
purchase_orders,CHECK,po_status_check,
purchase_orders,CHECK,2200_92926_16_not_null,
purchase_orders,CHECK,2200_92926_1_not_null,
purchase_orders,CHECK,2200_92926_2_not_null,
purchase_orders,CHECK,2200_92926_6_not_null,
purchase_orders,CHECK,2200_92926_7_not_null,
purchase_orders,FOREIGN KEY,purchase_orders_supplier_id_fkey,supplier_id
purchase_orders,FOREIGN KEY,purchase_orders_brand_id_fkey,brand_id
purchase_orders,FOREIGN KEY,purchase_orders_pr_id_fkey,pr_id
purchase_orders,FOREIGN KEY,purchase_orders_quotation_id_fkey,quotation_id
purchase_orders,PRIMARY KEY,purchase_orders_pkey,id
purchase_orders,UNIQUE,purchase_orders_po_number_key,po_number
purchase_requisition_items,CHECK,2200_92866_4_not_null,
purchase_requisition_items,CHECK,2200_92866_1_not_null,
purchase_requisition_items,CHECK,2200_92866_2_not_null,
purchase_requisition_items,CHECK,2200_92866_3_not_null,
purchase_requisition_items,CHECK,2200_92866_5_not_null,
purchase_requisition_items,FOREIGN KEY,purchase_requisition_items_pr_id_fkey,pr_id
purchase_requisition_items,PRIMARY KEY,purchase_requisition_items_pkey,id
purchase_requisitions,CHECK,2200_92846_4_not_null,
purchase_requisitions,CHECK,2200_92846_8_not_null,
purchase_requisitions,CHECK,2200_92846_2_not_null,
purchase_requisitions,CHECK,2200_92846_3_not_null,
purchase_requisitions,CHECK,2200_92846_6_not_null,
purchase_requisitions,CHECK,pr_status_check,
purchase_requisitions,CHECK,2200_92846_1_not_null,
purchase_requisitions,FOREIGN KEY,purchase_requisitions_brand_id_fkey,brand_id
purchase_requisitions,PRIMARY KEY,purchase_requisitions_pkey,id
purchase_requisitions,UNIQUE,purchase_requisitions_pr_number_key,pr_number
quotation_items,CHECK,2200_92911_4_not_null,
quotation_items,CHECK,2200_92911_6_not_null,
quotation_items,CHECK,2200_92911_1_not_null,
quotation_items,CHECK,2200_92911_2_not_null,
quotation_items,CHECK,2200_92911_3_not_null,
quotation_items,CHECK,2200_92911_5_not_null,
quotation_items,FOREIGN KEY,quotation_items_quotation_id_fkey,quotation_id
quotation_items,PRIMARY KEY,quotation_items_pkey,id
quotations,CHECK,2200_92880_1_not_null,
quotations,CHECK,quotation_status_check,
quotations,CHECK,2200_92880_8_not_null,
quotations,CHECK,2200_92880_2_not_null,
quotations,CHECK,2200_92880_6_not_null,
quotations,CHECK,2200_92880_4_not_null,
quotations,CHECK,2200_92880_5_not_null,
quotations,FOREIGN KEY,quotations_pr_id_fkey,pr_id
quotations,FOREIGN KEY,quotations_supplier_id_fkey,supplier_id
quotations,FOREIGN KEY,quotations_brand_id_fkey,brand_id
quotations,PRIMARY KEY,quotations_pkey,id
quotations,UNIQUE,quotations_quotation_number_key,quotation_number
raw_materials,CHECK,2200_93044_1_not_null,
raw_materials,CHECK,raw_materials_factory_request_uom_check,
raw_materials,CHECK,raw_materials_factory_inventory_kind_check,
raw_materials,CHECK,raw_materials_factory_bom_uom_check,
raw_materials,CHECK,2200_93044_3_not_null,
raw_materials,CHECK,2200_93044_6_not_null,
raw_materials,CHECK,2200_93044_2_not_null,
raw_materials,FOREIGN KEY,raw_materials_linked_product_id_fkey,linked_product_id
raw_materials,FOREIGN KEY,raw_materials_supplier_id_fkey,supplier_id
raw_materials,FOREIGN KEY,raw_materials_brand_id_fkey,brand_id
raw_materials,PRIMARY KEY,raw_materials_pkey,id
raw_materials,UNIQUE,raw_materials_brand_id_material_name_key,brand_id
raw_materials,UNIQUE,raw_materials_brand_id_material_name_key,material_name
staff_advance_disbursements,CHECK,2200_212085_6_not_null,
staff_advance_disbursements,CHECK,2200_212085_7_not_null,
staff_advance_disbursements,CHECK,2200_212085_2_not_null,
staff_advance_disbursements,CHECK,2200_212085_3_not_null,
staff_advance_disbursements,CHECK,2200_212085_5_not_null,
staff_advance_disbursements,CHECK,2200_212085_8_not_null,
staff_advance_disbursements,CHECK,2200_212085_10_not_null,
staff_advance_disbursements,CHECK,2200_212085_11_not_null,
staff_advance_disbursements,CHECK,staff_advance_disbursements_amount_check,
staff_advance_disbursements,CHECK,staff_advance_disbursements_amount_recovered_check,
staff_advance_disbursements,CHECK,staff_advance_disbursements_status_check,
staff_advance_disbursements,CHECK,2200_212085_1_not_null,
staff_advance_disbursements,FOREIGN KEY,staff_advance_disbursements_brand_id_fkey,brand_id
staff_advance_disbursements,FOREIGN KEY,staff_advance_disbursements_staff_id_fkey,staff_id
staff_advance_disbursements,FOREIGN KEY,staff_advance_disbursements_voucher_id_fkey,voucher_id
staff_advance_disbursements,PRIMARY KEY,staff_advance_disbursements_pkey,id
staff_assignments,CHECK,2200_28278_3_not_null,
staff_assignments,CHECK,2200_28278_2_not_null,
staff_assignments,CHECK,2200_28278_1_not_null,
staff_assignments,CHECK,2200_28278_4_not_null,
staff_assignments,FOREIGN KEY,staff_assignments_assigned_by_location_id_fkey,assigned_by_location_id
staff_assignments,FOREIGN KEY,staff_assignments_location_id_fkey,location_id
staff_assignments,FOREIGN KEY,staff_assignments_staff_registration_id_fkey,staff_registration_id
staff_assignments,PRIMARY KEY,staff_assignments_pkey,id
staff_assignments,UNIQUE,staff_assignments_staff_registration_id_location_id_key,location_id
staff_assignments,UNIQUE,staff_assignments_staff_registration_id_location_id_key,staff_registration_id
staff_registrations,CHECK,2200_28267_4_not_null,
staff_registrations,CHECK,2200_28267_1_not_null,
staff_registrations,CHECK,check_leave_balance,
staff_registrations,CHECK,2200_28267_2_not_null,
staff_registrations,CHECK,2200_28267_3_not_null,
staff_registrations,PRIMARY KEY,staff_registrations_pkey,id
staff_registrations,UNIQUE,staff_registrations_staff_code_key,staff_code
staff_schedules,CHECK,2200_29716_1_not_null,
staff_schedules,CHECK,2200_29716_2_not_null,
staff_schedules,CHECK,2200_29716_3_not_null,
staff_schedules,CHECK,2200_29716_4_not_null,
staff_schedules,CHECK,2200_29716_12_not_null,
staff_schedules,CHECK,staff_schedules_day_type_check,
staff_schedules,FOREIGN KEY,staff_schedules_location_id_fkey,location_id
staff_schedules,FOREIGN KEY,staff_schedules_staff_registration_id_fkey,staff_registration_id
staff_schedules,PRIMARY KEY,staff_schedules_pkey,id
staff_schedules,UNIQUE,staff_schedules_location_id_schedule_date_staff_registratio_key,schedule_date
staff_schedules,UNIQUE,staff_schedules_location_id_schedule_date_staff_registratio_key,staff_registration_id
staff_schedules,UNIQUE,staff_schedules_location_id_schedule_date_staff_registratio_key,location_id
supplier_invoice_lines,CHECK,2200_211495_3_not_null,
supplier_invoice_lines,CHECK,2200_211495_6_not_null,
supplier_invoice_lines,CHECK,2200_211495_5_not_null,
supplier_invoice_lines,CHECK,2200_211495_4_not_null,
supplier_invoice_lines,CHECK,2200_211495_2_not_null,
supplier_invoice_lines,CHECK,2200_211495_1_not_null,
supplier_invoice_lines,FOREIGN KEY,supplier_invoice_lines_supplier_invoice_id_fkey,supplier_invoice_id
supplier_invoice_lines,FOREIGN KEY,supplier_invoice_lines_po_item_id_fkey,po_item_id
supplier_invoice_lines,PRIMARY KEY,supplier_invoice_lines_pkey,id
supplier_invoices,CHECK,2200_211456_2_not_null,
supplier_invoices,CHECK,2200_211456_3_not_null,
supplier_invoices,CHECK,2200_211456_7_not_null,
supplier_invoices,CHECK,2200_211456_6_not_null,
supplier_invoices,CHECK,supplier_invoices_status_check,
supplier_invoices,CHECK,2200_211456_9_not_null,
supplier_invoices,CHECK,2200_211456_5_not_null,
supplier_invoices,CHECK,2200_211456_1_not_null,
supplier_invoices,FOREIGN KEY,supplier_invoices_payment_voucher_id_fkey,payment_voucher_id
supplier_invoices,FOREIGN KEY,supplier_invoices_brand_id_fkey,brand_id
supplier_invoices,FOREIGN KEY,supplier_invoices_po_id_fkey,po_id
supplier_invoices,FOREIGN KEY,supplier_invoices_supplier_id_fkey,supplier_id
supplier_invoices,PRIMARY KEY,supplier_invoices_pkey,id
supplier_invoices,UNIQUE,supplier_invoices_brand_id_supplier_id_invoice_number_key,supplier_id
supplier_invoices,UNIQUE,supplier_invoices_brand_id_supplier_id_invoice_number_key,brand_id
supplier_invoices,UNIQUE,supplier_invoices_brand_id_supplier_id_invoice_number_key,invoice_number
suppliers,CHECK,2200_92835_2_not_null,
suppliers,CHECK,suppliers_payment_method_check,
suppliers,CHECK,2200_92835_1_not_null,
suppliers,PRIMARY KEY,suppliers_pkey,id
