tablename,indexname,indexdef
accounting_accounts,accounting_accounts_brand_id_code_key,"CREATE UNIQUE INDEX accounting_accounts_brand_id_code_key ON public.accounting_accounts USING btree (brand_id, code)"
accounting_accounts,accounting_accounts_pkey,CREATE UNIQUE INDEX accounting_accounts_pkey ON public.accounting_accounts USING btree (id)
accounting_accounts,idx_accounting_accounts_brand,CREATE INDEX idx_accounting_accounts_brand ON public.accounting_accounts USING btree (brand_id)
accounting_accounts,idx_accounting_accounts_type,"CREATE INDEX idx_accounting_accounts_type ON public.accounting_accounts USING btree (brand_id, account_type)"
accounting_bank_accounts,accounting_bank_accounts_pkey,CREATE UNIQUE INDEX accounting_bank_accounts_pkey ON public.accounting_bank_accounts USING btree (id)
accounting_bank_accounts,idx_accounting_bank_accounts_brand,CREATE INDEX idx_accounting_bank_accounts_brand ON public.accounting_bank_accounts USING btree (brand_id)
accounting_bank_reconciliation_items,accounting_bank_reconciliation_items_pkey,CREATE UNIQUE INDEX accounting_bank_reconciliation_items_pkey ON public.accounting_bank_reconciliation_items USING btree (id)
accounting_bank_reconciliation_items,idx_bank_recon_items_recon,CREATE INDEX idx_bank_recon_items_recon ON public.accounting_bank_reconciliation_items USING btree (reconciliation_id)
accounting_bank_reconciliations,accounting_bank_reconciliations_pkey,CREATE UNIQUE INDEX accounting_bank_reconciliations_pkey ON public.accounting_bank_reconciliations USING btree (id)
accounting_gl_balances,accounting_gl_balances_account_id_period_id_key,"CREATE UNIQUE INDEX accounting_gl_balances_account_id_period_id_key ON public.accounting_gl_balances USING btree (account_id, period_id)"
accounting_gl_balances,accounting_gl_balances_pkey,CREATE UNIQUE INDEX accounting_gl_balances_pkey ON public.accounting_gl_balances USING btree (id)
accounting_gl_balances,idx_accounting_gl_balances_brand_period,"CREATE INDEX idx_accounting_gl_balances_brand_period ON public.accounting_gl_balances USING btree (brand_id, period_id)"
accounting_journal_entries,accounting_journal_entries_brand_id_entry_number_key,"CREATE UNIQUE INDEX accounting_journal_entries_brand_id_entry_number_key ON public.accounting_journal_entries USING btree (brand_id, entry_number)"
accounting_journal_entries,accounting_journal_entries_pkey,CREATE UNIQUE INDEX accounting_journal_entries_pkey ON public.accounting_journal_entries USING btree (id)
accounting_journal_entries,idx_accounting_journal_brand_date,"CREATE INDEX idx_accounting_journal_brand_date ON public.accounting_journal_entries USING btree (brand_id, entry_date)"
accounting_journal_entries,idx_accounting_journal_one_opening_balance,CREATE UNIQUE INDEX idx_accounting_journal_one_opening_balance ON public.accounting_journal_entries USING btree (brand_id) WHERE (((source_type)::text = 'opening_balance'::text) AND ((status)::text = 'posted'::text))
accounting_journal_entries,idx_accounting_journal_posted_source,"CREATE UNIQUE INDEX idx_accounting_journal_posted_source ON public.accounting_journal_entries USING btree (brand_id, source_type, source_id) WHERE (((status)::text = 'posted'::text) AND (source_id IS NOT NULL))"
accounting_journal_entries,idx_accounting_journal_status,"CREATE INDEX idx_accounting_journal_status ON public.accounting_journal_entries USING btree (brand_id, status)"
accounting_journal_lines,accounting_journal_lines_pkey,CREATE UNIQUE INDEX accounting_journal_lines_pkey ON public.accounting_journal_lines USING btree (id)
accounting_journal_lines,idx_accounting_journal_lines_account,CREATE INDEX idx_accounting_journal_lines_account ON public.accounting_journal_lines USING btree (account_id)
accounting_journal_lines,idx_accounting_journal_lines_entry,CREATE INDEX idx_accounting_journal_lines_entry ON public.accounting_journal_lines USING btree (journal_entry_id)
accounting_periods,accounting_periods_brand_id_year_month_key,"CREATE UNIQUE INDEX accounting_periods_brand_id_year_month_key ON public.accounting_periods USING btree (brand_id, year, month)"
accounting_periods,accounting_periods_pkey,CREATE UNIQUE INDEX accounting_periods_pkey ON public.accounting_periods USING btree (id)
accounting_periods,idx_accounting_periods_brand,CREATE INDEX idx_accounting_periods_brand ON public.accounting_periods USING btree (brand_id)
accounting_petty_cash_reconciliations,accounting_petty_cash_reconciliations_pkey,CREATE UNIQUE INDEX accounting_petty_cash_reconciliations_pkey ON public.accounting_petty_cash_reconciliations USING btree (id)
accounting_petty_cash_reconciliations,idx_petty_cash_recon_brand,CREATE INDEX idx_petty_cash_recon_brand ON public.accounting_petty_cash_reconciliations USING btree (brand_id)
accounting_posting_errors,accounting_posting_errors_pkey,CREATE UNIQUE INDEX accounting_posting_errors_pkey ON public.accounting_posting_errors USING btree (id)
accounting_posting_errors,idx_accounting_posting_errors_brand_unresolved,CREATE INDEX idx_accounting_posting_errors_brand_unresolved ON public.accounting_posting_errors USING btree (brand_id) WHERE (resolved_at IS NULL)
accounting_posting_errors,idx_accounting_posting_errors_source,"CREATE INDEX idx_accounting_posting_errors_source ON public.accounting_posting_errors USING btree (brand_id, source_type, source_id)"
accounting_voucher_lines,accounting_voucher_lines_pkey,CREATE UNIQUE INDEX accounting_voucher_lines_pkey ON public.accounting_voucher_lines USING btree (id)
accounting_voucher_lines,idx_accounting_voucher_lines_voucher,CREATE INDEX idx_accounting_voucher_lines_voucher ON public.accounting_voucher_lines USING btree (voucher_id)
accounting_voucher_links,accounting_voucher_links_pkey,CREATE UNIQUE INDEX accounting_voucher_links_pkey ON public.accounting_voucher_links USING btree (id)
accounting_voucher_links,idx_accounting_voucher_links_source,"CREATE INDEX idx_accounting_voucher_links_source ON public.accounting_voucher_links USING btree (source_type, source_id)"
accounting_voucher_links,idx_accounting_voucher_links_voucher,CREATE INDEX idx_accounting_voucher_links_voucher ON public.accounting_voucher_links USING btree (voucher_id)
accounting_voucher_settings,accounting_voucher_settings_brand_id_key,CREATE UNIQUE INDEX accounting_voucher_settings_brand_id_key ON public.accounting_voucher_settings USING btree (brand_id)
accounting_voucher_settings,accounting_voucher_settings_pkey,CREATE UNIQUE INDEX accounting_voucher_settings_pkey ON public.accounting_voucher_settings USING btree (id)
accounting_vouchers,accounting_vouchers_pkey,CREATE UNIQUE INDEX accounting_vouchers_pkey ON public.accounting_vouchers USING btree (id)
accounting_vouchers,accounting_vouchers_voucher_type_voucher_number_key,"CREATE UNIQUE INDEX accounting_vouchers_voucher_type_voucher_number_key ON public.accounting_vouchers USING btree (voucher_type, voucher_number)"
accounting_vouchers,idx_accounting_vouchers_brand,CREATE INDEX idx_accounting_vouchers_brand ON public.accounting_vouchers USING btree (brand_id)
accounting_vouchers,idx_accounting_vouchers_date,CREATE INDEX idx_accounting_vouchers_date ON public.accounting_vouchers USING btree (voucher_date)
accounting_vouchers,idx_accounting_vouchers_status,CREATE INDEX idx_accounting_vouchers_status ON public.accounting_vouchers USING btree (status)
accounting_vouchers,idx_accounting_vouchers_type,CREATE INDEX idx_accounting_vouchers_type ON public.accounting_vouchers USING btree (voucher_type)
accounting_year_end_closes,accounting_year_end_closes_brand_id_fiscal_year_key,"CREATE UNIQUE INDEX accounting_year_end_closes_brand_id_fiscal_year_key ON public.accounting_year_end_closes USING btree (brand_id, fiscal_year)"
accounting_year_end_closes,accounting_year_end_closes_pkey,CREATE UNIQUE INDEX accounting_year_end_closes_pkey ON public.accounting_year_end_closes USING btree (id)
accounting_year_end_closes,idx_accounting_year_end_closes_brand,CREATE INDEX idx_accounting_year_end_closes_brand ON public.accounting_year_end_closes USING btree (brand_id)
admin_credentials,admin_credentials_pkey,CREATE UNIQUE INDEX admin_credentials_pkey ON public.admin_credentials USING btree (id)
admin_credentials,admin_credentials_username_key,CREATE UNIQUE INDEX admin_credentials_username_key ON public.admin_credentials USING btree (username)
admin_credentials,idx_admin_credentials_active,CREATE INDEX idx_admin_credentials_active ON public.admin_credentials USING btree (is_active) WHERE (is_active = true)
admin_credentials,idx_admin_credentials_passcode,CREATE INDEX idx_admin_credentials_passcode ON public.admin_credentials USING btree (passcode)
announcements,announcements_pkey,CREATE UNIQUE INDEX announcements_pkey ON public.announcements USING btree (id)
announcements,idx_announcements_active,CREATE INDEX idx_announcements_active ON public.announcements USING btree (is_active)
announcements,idx_announcements_staff_id,CREATE INDEX idx_announcements_staff_id ON public.announcements USING btree (staff_registration_id)
announcements,idx_announcements_type,CREATE INDEX idx_announcements_type ON public.announcements USING btree (type)
brands,brands_name_key,CREATE UNIQUE INDEX brands_name_key ON public.brands USING btree (name)
brands,brands_pkey,CREATE UNIQUE INDEX brands_pkey ON public.brands USING btree (id)
brands,brands_slug_key,CREATE UNIQUE INDEX brands_slug_key ON public.brands USING btree (slug)
customer_order_status_history,customer_order_status_history_pkey,CREATE UNIQUE INDEX customer_order_status_history_pkey ON public.customer_order_status_history USING btree (id)
customer_order_status_history,idx_customer_order_status_history_created_at,CREATE INDEX idx_customer_order_status_history_created_at ON public.customer_order_status_history USING btree (created_at)
customer_order_status_history,idx_customer_order_status_history_order_id,CREATE INDEX idx_customer_order_status_history_order_id ON public.customer_order_status_history USING btree (order_id)
customer_orders,customer_orders_pkey,CREATE UNIQUE INDEX customer_orders_pkey ON public.customer_orders USING btree (id)
customer_orders,idx_customer_orders_brand_id,CREATE INDEX idx_customer_orders_brand_id ON public.customer_orders USING btree (brand_id)
customer_orders,idx_customer_orders_created_at,CREATE INDEX idx_customer_orders_created_at ON public.customer_orders USING btree (created_at)
customer_orders,idx_customer_orders_location_id,CREATE INDEX idx_customer_orders_location_id ON public.customer_orders USING btree (location_id)
customer_orders,idx_customer_orders_status,CREATE INDEX idx_customer_orders_status ON public.customer_orders USING btree (status)
daily_stock_summaries,daily_stock_summaries_brand_id_date_key,"CREATE UNIQUE INDEX daily_stock_summaries_brand_id_date_key ON public.daily_stock_summaries USING btree (brand_id, date)"
daily_stock_summaries,daily_stock_summaries_pkey,CREATE UNIQUE INDEX daily_stock_summaries_pkey ON public.daily_stock_summaries USING btree (id)
daily_stock_summaries,idx_daily_stock_summaries_brand_id,CREATE INDEX idx_daily_stock_summaries_brand_id ON public.daily_stock_summaries USING btree (brand_id)
daily_stock_summaries,idx_daily_stock_summaries_date,CREATE INDEX idx_daily_stock_summaries_date ON public.daily_stock_summaries USING btree (date)
delivery_receipt_items,delivery_receipt_items_pkey,CREATE UNIQUE INDEX delivery_receipt_items_pkey ON public.delivery_receipt_items USING btree (id)
delivery_receipt_items,idx_delivery_receipt_items_receipt_id,CREATE INDEX idx_delivery_receipt_items_receipt_id ON public.delivery_receipt_items USING btree (delivery_receipt_id)
delivery_receipts,delivery_receipts_pkey,CREATE UNIQUE INDEX delivery_receipts_pkey ON public.delivery_receipts USING btree (id)
delivery_receipts,delivery_receipts_receipt_number_key,CREATE UNIQUE INDEX delivery_receipts_receipt_number_key ON public.delivery_receipts USING btree (receipt_number)
delivery_receipts,idx_delivery_receipts_date,CREATE INDEX idx_delivery_receipts_date ON public.delivery_receipts USING btree (delivery_date)
delivery_receipts,idx_delivery_receipts_po_id,CREATE INDEX idx_delivery_receipts_po_id ON public.delivery_receipts USING btree (po_id)
dsir_discounts,dsir_discounts_pkey,CREATE UNIQUE INDEX dsir_discounts_pkey ON public.dsir_discounts USING btree (id)
dsir_discounts,idx_dsir_discounts_report_id,CREATE INDEX idx_dsir_discounts_report_id ON public.dsir_discounts USING btree (dsir_report_id)
dsir_expenses,dsir_expenses_pkey,CREATE UNIQUE INDEX dsir_expenses_pkey ON public.dsir_expenses USING btree (id)
dsir_expenses,idx_dsir_expenses_report_id,CREATE INDEX idx_dsir_expenses_report_id ON public.dsir_expenses USING btree (dsir_report_id)
dsir_ice_cream_inventory,dsir_ice_cream_inventory_pkey,CREATE UNIQUE INDEX dsir_ice_cream_inventory_pkey ON public.dsir_ice_cream_inventory USING btree (id)
dsir_ice_cream_inventory,idx_dsir_ice_cream_inventory_report_id,CREATE INDEX idx_dsir_ice_cream_inventory_report_id ON public.dsir_ice_cream_inventory USING btree (dsir_report_id)
dsir_materials_inventory,dsir_materials_inventory_pkey,CREATE UNIQUE INDEX dsir_materials_inventory_pkey ON public.dsir_materials_inventory USING btree (id)
dsir_materials_inventory,idx_dsir_materials_inventory_pull_out,CREATE INDEX idx_dsir_materials_inventory_pull_out ON public.dsir_materials_inventory USING btree (pull_out)
dsir_materials_inventory,idx_dsir_materials_inventory_report_id,CREATE INDEX idx_dsir_materials_inventory_report_id ON public.dsir_materials_inventory USING btree (dsir_report_id)
dsir_predefined_items,dsir_predefined_items_brand_id_category_name_key,"CREATE UNIQUE INDEX dsir_predefined_items_brand_id_category_name_key ON public.dsir_predefined_items USING btree (brand_id, category, name)"
dsir_predefined_items,dsir_predefined_items_pkey,CREATE UNIQUE INDEX dsir_predefined_items_pkey ON public.dsir_predefined_items USING btree (id)
dsir_predefined_items,idx_dsir_predefined_items_active,CREATE INDEX idx_dsir_predefined_items_active ON public.dsir_predefined_items USING btree (is_active)
dsir_predefined_items,idx_dsir_predefined_items_brand_category,"CREATE INDEX idx_dsir_predefined_items_brand_category ON public.dsir_predefined_items USING btree (brand_id, category)"
dsir_reports,dsir_reports_location_id_report_date_staff_registration_id_key,"CREATE UNIQUE INDEX dsir_reports_location_id_report_date_staff_registration_id_key ON public.dsir_reports USING btree (location_id, report_date, staff_registration_id)"
dsir_reports,dsir_reports_pkey,CREATE UNIQUE INDEX dsir_reports_pkey ON public.dsir_reports USING btree (id)
dsir_reports,idx_dsir_reports_date,CREATE INDEX idx_dsir_reports_date ON public.dsir_reports USING btree (report_date)
dsir_reports,idx_dsir_reports_location_id,CREATE INDEX idx_dsir_reports_location_id ON public.dsir_reports USING btree (location_id)
dsir_reports,idx_dsir_reports_staff_registration_id,CREATE INDEX idx_dsir_reports_staff_registration_id ON public.dsir_reports USING btree (staff_registration_id)
dsir_sales_inventory,dsir_sales_inventory_pkey,CREATE UNIQUE INDEX dsir_sales_inventory_pkey ON public.dsir_sales_inventory USING btree (id)
dsir_sales_inventory,idx_dsir_sales_inventory_report_id,CREATE INDEX idx_dsir_sales_inventory_report_id ON public.dsir_sales_inventory USING btree (dsir_report_id)
dsir_sales_recon,dsir_sales_recon_pkey,CREATE UNIQUE INDEX dsir_sales_recon_pkey ON public.dsir_sales_recon USING btree (id)
dsir_sales_recon,idx_dsir_sales_recon_report_id,CREATE INDEX idx_dsir_sales_recon_report_id ON public.dsir_sales_recon USING btree (dsir_report_id)
factory_batch_material_usage,factory_batch_material_usage_pkey,CREATE UNIQUE INDEX factory_batch_material_usage_pkey ON public.factory_batch_material_usage USING btree (id)
factory_batch_material_usage,idx_factory_batch_material_usage_batch,CREATE INDEX idx_factory_batch_material_usage_batch ON public.factory_batch_material_usage USING btree (batch_id)
factory_daily_staff,factory_daily_staff_pkey,CREATE UNIQUE INDEX factory_daily_staff_pkey ON public.factory_daily_staff USING btree (id)
factory_daily_staff,factory_daily_staff_work_date_staff_registration_id_key,"CREATE UNIQUE INDEX factory_daily_staff_work_date_staff_registration_id_key ON public.factory_daily_staff USING btree (work_date, staff_registration_id)"
factory_daily_staff,idx_factory_daily_staff_work_date,CREATE INDEX idx_factory_daily_staff_work_date ON public.factory_daily_staff USING btree (work_date)
factory_material_requests,factory_material_requests_pkey,CREATE UNIQUE INDEX factory_material_requests_pkey ON public.factory_material_requests USING btree (id)
factory_material_requests,idx_factory_material_requests_brand_date,"CREATE INDEX idx_factory_material_requests_brand_date ON public.factory_material_requests USING btree (brand_id, schedule_date)"
factory_material_requests,idx_factory_material_requests_request_date,CREATE INDEX idx_factory_material_requests_request_date ON public.factory_material_requests USING btree (request_date)
factory_material_requests,idx_factory_material_requests_status,CREATE INDEX idx_factory_material_requests_status ON public.factory_material_requests USING btree (status)
factory_opened_materials,factory_opened_materials_pkey,CREATE UNIQUE INDEX factory_opened_materials_pkey ON public.factory_opened_materials USING btree (id)
factory_opened_materials,idx_factory_opened_materials_inventory_kind,CREATE INDEX idx_factory_opened_materials_inventory_kind ON public.factory_opened_materials USING btree (inventory_kind)
factory_opened_materials,idx_factory_opened_materials_material,CREATE INDEX idx_factory_opened_materials_material ON public.factory_opened_materials USING btree (material_id)
factory_opened_materials,idx_factory_opened_materials_opened_at,CREATE INDEX idx_factory_opened_materials_opened_at ON public.factory_opened_materials USING btree (opened_at DESC)
factory_opened_materials,idx_factory_opened_materials_request,CREATE INDEX idx_factory_opened_materials_request ON public.factory_opened_materials USING btree (factory_request_id)
factory_opened_materials,idx_factory_opened_materials_status,CREATE INDEX idx_factory_opened_materials_status ON public.factory_opened_materials USING btree (status)
factory_production_batches,factory_production_batches_pkey,CREATE UNIQUE INDEX factory_production_batches_pkey ON public.factory_production_batches USING btree (id)
factory_production_batches,idx_factory_production_batches_schedule,"CREATE INDEX idx_factory_production_batches_schedule ON public.factory_production_batches USING btree (schedule_id, work_date)"
factory_production_batches,idx_factory_production_batches_status,"CREATE INDEX idx_factory_production_batches_status ON public.factory_production_batches USING btree (work_date, status)"
factory_sticker_requests,factory_sticker_requests_pkey,CREATE UNIQUE INDEX factory_sticker_requests_pkey ON public.factory_sticker_requests USING btree (id)
factory_sticker_requests,idx_factory_sticker_requests_schedule_date,CREATE INDEX idx_factory_sticker_requests_schedule_date ON public.factory_sticker_requests USING btree (schedule_date)
factory_sticker_requests,idx_factory_sticker_requests_schedule_id,CREATE INDEX idx_factory_sticker_requests_schedule_id ON public.factory_sticker_requests USING btree (schedule_id)
factory_sticker_requests,idx_factory_sticker_requests_status,CREATE INDEX idx_factory_sticker_requests_status ON public.factory_sticker_requests USING btree (status)
fixed_assets,fixed_assets_brand_id_asset_name_key,"CREATE UNIQUE INDEX fixed_assets_brand_id_asset_name_key ON public.fixed_assets USING btree (brand_id, asset_name)"
fixed_assets,fixed_assets_pkey,CREATE UNIQUE INDEX fixed_assets_pkey ON public.fixed_assets USING btree (id)
fixed_assets,idx_fixed_assets_brand,CREATE INDEX idx_fixed_assets_brand ON public.fixed_assets USING btree (brand_id)
fixed_assets,idx_fixed_assets_supplier,CREATE INDEX idx_fixed_assets_supplier ON public.fixed_assets USING btree (supplier_id)
gfc_attendance_logs,gfc_attendance_logs_enrollment_no_punch_at_key,"CREATE UNIQUE INDEX gfc_attendance_logs_enrollment_no_punch_at_key ON public.gfc_attendance_logs USING btree (enrollment_no, punch_at)"
gfc_attendance_logs,gfc_attendance_logs_pkey,CREATE UNIQUE INDEX gfc_attendance_logs_pkey ON public.gfc_attendance_logs USING btree (id)
gfc_attendance_logs,idx_gfc_attendance_logs_staff_registration_id,CREATE INDEX idx_gfc_attendance_logs_staff_registration_id ON public.gfc_attendance_logs USING btree (staff_registration_id)
gfc_attendance_logs,idx_gfc_attendance_logs_work_date,CREATE INDEX idx_gfc_attendance_logs_work_date ON public.gfc_attendance_logs USING btree (work_date)
intercompany_brand_settings,idx_intercompany_brand_settings_factory,CREATE INDEX idx_intercompany_brand_settings_factory ON public.intercompany_brand_settings USING btree (factory_brand_id)
intercompany_brand_settings,intercompany_brand_settings_factory_brand_id_retail_brand_i_key,"CREATE UNIQUE INDEX intercompany_brand_settings_factory_brand_id_retail_brand_i_key ON public.intercompany_brand_settings USING btree (factory_brand_id, retail_brand_id)"
intercompany_brand_settings,intercompany_brand_settings_pkey,CREATE UNIQUE INDEX intercompany_brand_settings_pkey ON public.intercompany_brand_settings USING btree (id)
intercompany_transfer_lines,idx_intercompany_transfer_lines_transfer,CREATE INDEX idx_intercompany_transfer_lines_transfer ON public.intercompany_transfer_lines USING btree (transfer_id)
intercompany_transfer_lines,intercompany_transfer_lines_pkey,CREATE UNIQUE INDEX intercompany_transfer_lines_pkey ON public.intercompany_transfer_lines USING btree (id)
intercompany_transfers,idx_intercompany_transfers_from,"CREATE INDEX idx_intercompany_transfers_from ON public.intercompany_transfers USING btree (from_brand_id, transfer_date DESC)"
intercompany_transfers,idx_intercompany_transfers_settled,"CREATE INDEX idx_intercompany_transfers_settled ON public.intercompany_transfers USING btree (from_brand_id, settled_at) WHERE ((status)::text = 'posted'::text)"
intercompany_transfers,idx_intercompany_transfers_to,"CREATE INDEX idx_intercompany_transfers_to ON public.intercompany_transfers USING btree (to_brand_id, transfer_date DESC)"
intercompany_transfers,intercompany_transfers_from_brand_id_transfer_number_key,"CREATE UNIQUE INDEX intercompany_transfers_from_brand_id_transfer_number_key ON public.intercompany_transfers USING btree (from_brand_id, transfer_number)"
intercompany_transfers,intercompany_transfers_pkey,CREATE UNIQUE INDEX intercompany_transfers_pkey ON public.intercompany_transfers USING btree (id)
leave_requests,idx_leave_requests_created_at,CREATE INDEX idx_leave_requests_created_at ON public.leave_requests USING btree (created_at)
leave_requests,idx_leave_requests_dates,"CREATE INDEX idx_leave_requests_dates ON public.leave_requests USING btree (start_date, end_date)"
leave_requests,idx_leave_requests_location,CREATE INDEX idx_leave_requests_location ON public.leave_requests USING btree (location_id)
leave_requests,idx_leave_requests_staff,CREATE INDEX idx_leave_requests_staff ON public.leave_requests USING btree (staff_registration_id)
leave_requests,idx_leave_requests_status,CREATE INDEX idx_leave_requests_status ON public.leave_requests USING btree (status)
leave_requests,leave_requests_pkey,CREATE UNIQUE INDEX leave_requests_pkey ON public.leave_requests USING btree (id)
locations,locations_passkey_key,CREATE UNIQUE INDEX locations_passkey_key ON public.locations USING btree (passkey)
locations,locations_pkey,CREATE UNIQUE INDEX locations_pkey ON public.locations USING btree (id)
logistics_assignments,logistics_assignments_order_id_date_time_slot_key,"CREATE UNIQUE INDEX logistics_assignments_order_id_date_time_slot_key ON public.logistics_assignments USING btree (order_id, date, time_slot)"
logistics_assignments,logistics_assignments_pkey,CREATE UNIQUE INDEX logistics_assignments_pkey ON public.logistics_assignments USING btree (id)
material_cycle_count_lines,idx_material_cycle_count_lines_count,CREATE INDEX idx_material_cycle_count_lines_count ON public.material_cycle_count_lines USING btree (cycle_count_id)
material_cycle_count_lines,material_cycle_count_lines_cycle_count_id_material_id_key,"CREATE UNIQUE INDEX material_cycle_count_lines_cycle_count_id_material_id_key ON public.material_cycle_count_lines USING btree (cycle_count_id, material_id)"
material_cycle_count_lines,material_cycle_count_lines_pkey,CREATE UNIQUE INDEX material_cycle_count_lines_pkey ON public.material_cycle_count_lines USING btree (id)
material_cycle_counts,idx_material_cycle_counts_brand_date,"CREATE INDEX idx_material_cycle_counts_brand_date ON public.material_cycle_counts USING btree (brand_id, count_date DESC)"
material_cycle_counts,material_cycle_counts_pkey,CREATE UNIQUE INDEX material_cycle_counts_pkey ON public.material_cycle_counts USING btree (id)
material_stock_alerts,idx_material_alerts_material_id,CREATE INDEX idx_material_alerts_material_id ON public.material_stock_alerts USING btree (material_id)
material_stock_alerts,idx_material_alerts_resolved,CREATE INDEX idx_material_alerts_resolved ON public.material_stock_alerts USING btree (is_resolved)
material_stock_alerts,material_stock_alerts_pkey,CREATE UNIQUE INDEX material_stock_alerts_pkey ON public.material_stock_alerts USING btree (id)
material_stock_movements,idx_material_movements_date,CREATE INDEX idx_material_movements_date ON public.material_stock_movements USING btree (movement_date)
material_stock_movements,idx_material_movements_material_id,CREATE INDEX idx_material_movements_material_id ON public.material_stock_movements USING btree (material_id)
material_stock_movements,idx_material_movements_type,CREATE INDEX idx_material_movements_type ON public.material_stock_movements USING btree (movement_type)
material_stock_movements,material_stock_movements_pkey,CREATE UNIQUE INDEX material_stock_movements_pkey ON public.material_stock_movements USING btree (id)
material_transfer_lines,idx_material_transfer_lines_transfer,CREATE INDEX idx_material_transfer_lines_transfer ON public.material_transfer_lines USING btree (transfer_id)
material_transfer_lines,material_transfer_lines_pkey,CREATE UNIQUE INDEX material_transfer_lines_pkey ON public.material_transfer_lines USING btree (id)
material_transfers,idx_material_transfers_from,"CREATE INDEX idx_material_transfers_from ON public.material_transfers USING btree (from_brand_id, transfer_date DESC)"
material_transfers,idx_material_transfers_to,"CREATE INDEX idx_material_transfers_to ON public.material_transfers USING btree (to_brand_id, transfer_date DESC)"
material_transfers,material_transfers_from_brand_id_transfer_number_key,"CREATE UNIQUE INDEX material_transfers_from_brand_id_transfer_number_key ON public.material_transfers USING btree (from_brand_id, transfer_number)"
material_transfers,material_transfers_pkey,CREATE UNIQUE INDEX material_transfers_pkey ON public.material_transfers USING btree (id)
order_details,idx_order_details_order_id,CREATE INDEX idx_order_details_order_id ON public.order_details USING btree (order_id)
order_details,idx_order_details_product_id,CREATE INDEX idx_order_details_product_id ON public.order_details USING btree (product_id)
order_details,order_details_pkey,CREATE UNIQUE INDEX order_details_pkey ON public.order_details USING btree (id)
payroll_deductions_refunds,idx_payroll_deductions_refunds_staff_id,CREATE INDEX idx_payroll_deductions_refunds_staff_id ON public.payroll_deductions_refunds USING btree (staff_id)
payroll_deductions_refunds,idx_payroll_deductions_refunds_week_dates,"CREATE INDEX idx_payroll_deductions_refunds_week_dates ON public.payroll_deductions_refunds USING btree (week_start_date, week_end_date)"
payroll_deductions_refunds,payroll_deductions_refunds_pkey,CREATE UNIQUE INDEX payroll_deductions_refunds_pkey ON public.payroll_deductions_refunds USING btree (id)
payroll_deductions_refunds,payroll_deductions_refunds_staff_id_week_start_date_week_en_key,"CREATE UNIQUE INDEX payroll_deductions_refunds_staff_id_week_start_date_week_en_key ON public.payroll_deductions_refunds USING btree (staff_id, week_start_date, week_end_date)"
payroll_run_brand_totals,idx_payroll_run_brand_totals_brand,CREATE INDEX idx_payroll_run_brand_totals_brand ON public.payroll_run_brand_totals USING btree (brand_id)
payroll_run_brand_totals,idx_payroll_run_brand_totals_run,CREATE INDEX idx_payroll_run_brand_totals_run ON public.payroll_run_brand_totals USING btree (payroll_run_id)
payroll_run_brand_totals,payroll_run_brand_totals_payroll_run_id_brand_id_key,"CREATE UNIQUE INDEX payroll_run_brand_totals_payroll_run_id_brand_id_key ON public.payroll_run_brand_totals USING btree (payroll_run_id, brand_id)"
payroll_run_brand_totals,payroll_run_brand_totals_pkey,CREATE UNIQUE INDEX payroll_run_brand_totals_pkey ON public.payroll_run_brand_totals USING btree (id)
payroll_run_lines,idx_payroll_run_lines_run,CREATE INDEX idx_payroll_run_lines_run ON public.payroll_run_lines USING btree (payroll_run_id)
payroll_run_lines,idx_payroll_run_lines_staff,CREATE INDEX idx_payroll_run_lines_staff ON public.payroll_run_lines USING btree (staff_id)
payroll_run_lines,payroll_run_lines_payroll_run_id_staff_id_key,"CREATE UNIQUE INDEX payroll_run_lines_payroll_run_id_staff_id_key ON public.payroll_run_lines USING btree (payroll_run_id, staff_id)"
payroll_run_lines,payroll_run_lines_pkey,CREATE UNIQUE INDEX payroll_run_lines_pkey ON public.payroll_run_lines USING btree (id)
payroll_runs,idx_payroll_runs_status,CREATE INDEX idx_payroll_runs_status ON public.payroll_runs USING btree (status)
payroll_runs,idx_payroll_runs_week_end,CREATE INDEX idx_payroll_runs_week_end ON public.payroll_runs USING btree (week_end_date)
payroll_runs,payroll_runs_pkey,CREATE UNIQUE INDEX payroll_runs_pkey ON public.payroll_runs USING btree (id)
payroll_runs,payroll_runs_week_start_date_week_end_date_key,"CREATE UNIQUE INDEX payroll_runs_week_start_date_week_end_date_key ON public.payroll_runs USING btree (week_start_date, week_end_date)"
po_payments,idx_po_payments_date,CREATE INDEX idx_po_payments_date ON public.po_payments USING btree (payment_date)
po_payments,idx_po_payments_number,CREATE INDEX idx_po_payments_number ON public.po_payments USING btree (payment_number)
po_payments,idx_po_payments_po_id,CREATE INDEX idx_po_payments_po_id ON public.po_payments USING btree (po_id)
po_payments,po_payments_payment_number_key,CREATE UNIQUE INDEX po_payments_payment_number_key ON public.po_payments USING btree (payment_number)
po_payments,po_payments_pkey,CREATE UNIQUE INDEX po_payments_pkey ON public.po_payments USING btree (id)
po_purchaser_templates,idx_po_purchaser_templates_brand,CREATE INDEX idx_po_purchaser_templates_brand ON public.po_purchaser_templates USING btree (brand_id)
po_purchaser_templates,po_purchaser_templates_pkey,CREATE UNIQUE INDEX po_purchaser_templates_pkey ON public.po_purchaser_templates USING btree (id)
po_status_history,po_status_history_pkey,CREATE UNIQUE INDEX po_status_history_pkey ON public.po_status_history USING btree (id)
product_bom_items,idx_product_bom_items_material,CREATE INDEX idx_product_bom_items_material ON public.product_bom_items USING btree (material_id)
product_bom_items,idx_product_bom_items_product,CREATE INDEX idx_product_bom_items_product ON public.product_bom_items USING btree (product_id)
product_bom_items,product_bom_items_pkey,CREATE UNIQUE INDEX product_bom_items_pkey ON public.product_bom_items USING btree (id)
product_bom_items,product_bom_items_product_id_material_id_key,"CREATE UNIQUE INDEX product_bom_items_product_id_material_id_key ON public.product_bom_items USING btree (product_id, material_id)"
product_category_sort,idx_product_category_sort_brand,CREATE INDEX idx_product_category_sort_brand ON public.product_category_sort USING btree (brand_id)
product_category_sort,product_category_sort_brand_id_category_name_key,"CREATE UNIQUE INDEX product_category_sort_brand_id_category_name_key ON public.product_category_sort USING btree (brand_id, category_name)"
product_category_sort,product_category_sort_pkey,CREATE UNIQUE INDEX product_category_sort_pkey ON public.product_category_sort USING btree (id)
product_cycle_count_lines,idx_product_cycle_count_lines_count,CREATE INDEX idx_product_cycle_count_lines_count ON public.product_cycle_count_lines USING btree (cycle_count_id)
product_cycle_count_lines,product_cycle_count_lines_cycle_count_id_product_id_key,"CREATE UNIQUE INDEX product_cycle_count_lines_cycle_count_id_product_id_key ON public.product_cycle_count_lines USING btree (cycle_count_id, product_id)"
product_cycle_count_lines,product_cycle_count_lines_pkey,CREATE UNIQUE INDEX product_cycle_count_lines_pkey ON public.product_cycle_count_lines USING btree (id)
product_cycle_counts,idx_product_cycle_counts_brand_date,"CREATE INDEX idx_product_cycle_counts_brand_date ON public.product_cycle_counts USING btree (brand_id, count_date DESC)"
product_cycle_counts,product_cycle_counts_pkey,CREATE UNIQUE INDEX product_cycle_counts_pkey ON public.product_cycle_counts USING btree (id)
production_schedules,idx_production_schedules_for_brand_date,"CREATE INDEX idx_production_schedules_for_brand_date ON public.production_schedules USING btree (for_brand_id, schedule_date)"
production_schedules,idx_production_schedules_product_id,CREATE INDEX idx_production_schedules_product_id ON public.production_schedules USING btree (product_id)
production_schedules,idx_production_schedules_schedule_date,CREATE INDEX idx_production_schedules_schedule_date ON public.production_schedules USING btree (schedule_date)
production_schedules,idx_production_schedules_status_date,"CREATE INDEX idx_production_schedules_status_date ON public.production_schedules USING btree (schedule_date, status)"
production_schedules,production_schedules_pkey,CREATE UNIQUE INDEX production_schedules_pkey ON public.production_schedules USING btree (id)
production_schedules,production_schedules_product_id_schedule_date_for_brand_id_key,"CREATE UNIQUE INDEX production_schedules_product_id_schedule_date_for_brand_id_key ON public.production_schedules USING btree (product_id, schedule_date, for_brand_id)"
production_sticker_logs,idx_production_sticker_logs_manufacture_date,CREATE INDEX idx_production_sticker_logs_manufacture_date ON public.production_sticker_logs USING btree (manufacture_date)
production_sticker_logs,idx_production_sticker_logs_product_id,CREATE INDEX idx_production_sticker_logs_product_id ON public.production_sticker_logs USING btree (product_id)
production_sticker_logs,idx_production_sticker_logs_schedule_id,CREATE INDEX idx_production_sticker_logs_schedule_id ON public.production_sticker_logs USING btree (schedule_id)
production_sticker_logs,idx_production_sticker_logs_voided_at,CREATE INDEX idx_production_sticker_logs_voided_at ON public.production_sticker_logs USING btree (voided_at) WHERE (voided_at IS NOT NULL)
production_sticker_logs,production_sticker_logs_pkey,CREATE UNIQUE INDEX production_sticker_logs_pkey ON public.production_sticker_logs USING btree (id)
production_sticker_logs,production_sticker_logs_serial_number_key,CREATE UNIQUE INDEX production_sticker_logs_serial_number_key ON public.production_sticker_logs USING btree (serial_number)
products,idx_products_brand_id,CREATE INDEX idx_products_brand_id ON public.products USING btree (brand_id)
products,idx_products_linked_material_id,CREATE INDEX idx_products_linked_material_id ON public.products USING btree (linked_material_id)
products,idx_products_sku,CREATE INDEX idx_products_sku ON public.products USING btree (sku)
products,products_brand_id_name_key,"CREATE UNIQUE INDEX products_brand_id_name_key ON public.products USING btree (brand_id, name)"
products,products_brand_id_sku_key,"CREATE UNIQUE INDEX products_brand_id_sku_key ON public.products USING btree (brand_id, sku)"
products,products_pkey,CREATE UNIQUE INDEX products_pkey ON public.products USING btree (id)
purchase_order_items,idx_po_items_fixed_asset_id,CREATE INDEX idx_po_items_fixed_asset_id ON public.purchase_order_items USING btree (fixed_asset_id)
purchase_order_items,idx_po_items_material_id,CREATE INDEX idx_po_items_material_id ON public.purchase_order_items USING btree (material_id)
purchase_order_items,idx_po_items_po_id,CREATE INDEX idx_po_items_po_id ON public.purchase_order_items USING btree (po_id)
purchase_order_items,purchase_order_items_pkey,CREATE UNIQUE INDEX purchase_order_items_pkey ON public.purchase_order_items USING btree (id)
purchase_orders,idx_po_brand_id,CREATE INDEX idx_po_brand_id ON public.purchase_orders USING btree (brand_id)
purchase_orders,idx_po_number,CREATE INDEX idx_po_number ON public.purchase_orders USING btree (po_number)
purchase_orders,idx_po_order_date,CREATE INDEX idx_po_order_date ON public.purchase_orders USING btree (order_date)
purchase_orders,idx_po_status,CREATE INDEX idx_po_status ON public.purchase_orders USING btree (status)
purchase_orders,idx_po_supplier_id,CREATE INDEX idx_po_supplier_id ON public.purchase_orders USING btree (supplier_id)
purchase_orders,purchase_orders_pkey,CREATE UNIQUE INDEX purchase_orders_pkey ON public.purchase_orders USING btree (id)
purchase_orders,purchase_orders_po_number_key,CREATE UNIQUE INDEX purchase_orders_po_number_key ON public.purchase_orders USING btree (po_number)
purchase_requisition_items,idx_pr_items_pr_id,CREATE INDEX idx_pr_items_pr_id ON public.purchase_requisition_items USING btree (pr_id)
purchase_requisition_items,purchase_requisition_items_pkey,CREATE UNIQUE INDEX purchase_requisition_items_pkey ON public.purchase_requisition_items USING btree (id)
purchase_requisitions,idx_pr_brand_id,CREATE INDEX idx_pr_brand_id ON public.purchase_requisitions USING btree (brand_id)
purchase_requisitions,idx_pr_number,CREATE INDEX idx_pr_number ON public.purchase_requisitions USING btree (pr_number)
purchase_requisitions,idx_pr_request_date,CREATE INDEX idx_pr_request_date ON public.purchase_requisitions USING btree (request_date)
purchase_requisitions,idx_pr_status,CREATE INDEX idx_pr_status ON public.purchase_requisitions USING btree (status)
purchase_requisitions,purchase_requisitions_pkey,CREATE UNIQUE INDEX purchase_requisitions_pkey ON public.purchase_requisitions USING btree (id)
purchase_requisitions,purchase_requisitions_pr_number_key,CREATE UNIQUE INDEX purchase_requisitions_pr_number_key ON public.purchase_requisitions USING btree (pr_number)
quotation_items,idx_quotation_items_quotation_id,CREATE INDEX idx_quotation_items_quotation_id ON public.quotation_items USING btree (quotation_id)
quotation_items,quotation_items_pkey,CREATE UNIQUE INDEX quotation_items_pkey ON public.quotation_items USING btree (id)
quotations,idx_quotations_brand_id,CREATE INDEX idx_quotations_brand_id ON public.quotations USING btree (brand_id)
quotations,idx_quotations_status,CREATE INDEX idx_quotations_status ON public.quotations USING btree (status)
quotations,idx_quotations_supplier_id,CREATE INDEX idx_quotations_supplier_id ON public.quotations USING btree (supplier_id)
quotations,quotations_pkey,CREATE UNIQUE INDEX quotations_pkey ON public.quotations USING btree (id)
quotations,quotations_quotation_number_key,CREATE UNIQUE INDEX quotations_quotation_number_key ON public.quotations USING btree (quotation_number)
raw_materials,idx_raw_materials_active,CREATE INDEX idx_raw_materials_active ON public.raw_materials USING btree (is_active)
raw_materials,idx_raw_materials_brand_id,CREATE INDEX idx_raw_materials_brand_id ON public.raw_materials USING btree (brand_id)
raw_materials,idx_raw_materials_category,CREATE INDEX idx_raw_materials_category ON public.raw_materials USING btree (category)
raw_materials,idx_raw_materials_linked_product_id,CREATE INDEX idx_raw_materials_linked_product_id ON public.raw_materials USING btree (linked_product_id)
raw_materials,idx_raw_materials_owner,CREATE INDEX idx_raw_materials_owner ON public.raw_materials USING btree (owner)
raw_materials,idx_raw_materials_owner_gin,CREATE INDEX idx_raw_materials_owner_gin ON public.raw_materials USING gin (owner)
raw_materials,idx_raw_materials_supplier_id,CREATE INDEX idx_raw_materials_supplier_id ON public.raw_materials USING btree (supplier_id)
raw_materials,raw_materials_brand_id_material_name_key,"CREATE UNIQUE INDEX raw_materials_brand_id_material_name_key ON public.raw_materials USING btree (brand_id, material_name)"
raw_materials,raw_materials_pkey,CREATE UNIQUE INDEX raw_materials_pkey ON public.raw_materials USING btree (id)
staff_advance_disbursements,idx_staff_advance_disbursements_brand,CREATE INDEX idx_staff_advance_disbursements_brand ON public.staff_advance_disbursements USING btree (brand_id)
staff_advance_disbursements,idx_staff_advance_disbursements_staff,CREATE INDEX idx_staff_advance_disbursements_staff ON public.staff_advance_disbursements USING btree (staff_id)
staff_advance_disbursements,idx_staff_advance_disbursements_status,CREATE INDEX idx_staff_advance_disbursements_status ON public.staff_advance_disbursements USING btree (status)
staff_advance_disbursements,staff_advance_disbursements_pkey,CREATE UNIQUE INDEX staff_advance_disbursements_pkey ON public.staff_advance_disbursements USING btree (id)
staff_assignments,idx_staff_assignments_assigned_by_location_id,CREATE INDEX idx_staff_assignments_assigned_by_location_id ON public.staff_assignments USING btree (assigned_by_location_id)
staff_assignments,idx_staff_assignments_location_id,CREATE INDEX idx_staff_assignments_location_id ON public.staff_assignments USING btree (location_id)
staff_assignments,idx_staff_assignments_staff_registration_id,CREATE INDEX idx_staff_assignments_staff_registration_id ON public.staff_assignments USING btree (staff_registration_id)
staff_assignments,staff_assignments_pkey,CREATE UNIQUE INDEX staff_assignments_pkey ON public.staff_assignments USING btree (id)
staff_assignments,staff_assignments_staff_registration_id_location_id_key,"CREATE UNIQUE INDEX staff_assignments_staff_registration_id_location_id_key ON public.staff_assignments USING btree (staff_registration_id, location_id)"
staff_registrations,idx_staff_registrations_mobile_number,CREATE INDEX idx_staff_registrations_mobile_number ON public.staff_registrations USING btree (mobile_number)
staff_registrations,idx_staff_registrations_staff_code,CREATE INDEX idx_staff_registrations_staff_code ON public.staff_registrations USING btree (staff_code)
staff_registrations,staff_registrations_pkey,CREATE UNIQUE INDEX staff_registrations_pkey ON public.staff_registrations USING btree (id)
staff_registrations,staff_registrations_staff_code_key,CREATE UNIQUE INDEX staff_registrations_staff_code_key ON public.staff_registrations USING btree (staff_code)
staff_schedules,idx_staff_schedules_date,CREATE INDEX idx_staff_schedules_date ON public.staff_schedules USING btree (schedule_date)
staff_schedules,idx_staff_schedules_location_date,"CREATE INDEX idx_staff_schedules_location_date ON public.staff_schedules USING btree (location_id, schedule_date)"
staff_schedules,idx_staff_schedules_location_id,CREATE INDEX idx_staff_schedules_location_id ON public.staff_schedules USING btree (location_id)
staff_schedules,idx_staff_schedules_staff_registration_id,CREATE INDEX idx_staff_schedules_staff_registration_id ON public.staff_schedules USING btree (staff_registration_id)
staff_schedules,staff_schedules_location_id_schedule_date_staff_registratio_key,"CREATE UNIQUE INDEX staff_schedules_location_id_schedule_date_staff_registratio_key ON public.staff_schedules USING btree (location_id, schedule_date, staff_registration_id)"
staff_schedules,staff_schedules_pkey,CREATE UNIQUE INDEX staff_schedules_pkey ON public.staff_schedules USING btree (id)
supplier_invoice_lines,idx_supplier_invoice_lines_invoice,CREATE INDEX idx_supplier_invoice_lines_invoice ON public.supplier_invoice_lines USING btree (supplier_invoice_id)
supplier_invoice_lines,idx_supplier_invoice_lines_po_item,CREATE INDEX idx_supplier_invoice_lines_po_item ON public.supplier_invoice_lines USING btree (po_item_id)
supplier_invoice_lines,supplier_invoice_lines_pkey,CREATE UNIQUE INDEX supplier_invoice_lines_pkey ON public.supplier_invoice_lines USING btree (id)
supplier_invoices,idx_supplier_invoices_brand,CREATE INDEX idx_supplier_invoices_brand ON public.supplier_invoices USING btree (brand_id)
supplier_invoices,idx_supplier_invoices_exception,"CREATE INDEX idx_supplier_invoices_exception ON public.supplier_invoices USING btree (brand_id, status) WHERE ((status)::text = 'exception'::text)"
supplier_invoices,idx_supplier_invoices_po,CREATE INDEX idx_supplier_invoices_po ON public.supplier_invoices USING btree (po_id)
supplier_invoices,idx_supplier_invoices_status,CREATE INDEX idx_supplier_invoices_status ON public.supplier_invoices USING btree (status)
supplier_invoices,supplier_invoices_brand_id_supplier_id_invoice_number_key,"CREATE UNIQUE INDEX supplier_invoices_brand_id_supplier_id_invoice_number_key ON public.supplier_invoices USING btree (brand_id, supplier_id, invoice_number)"
supplier_invoices,supplier_invoices_pkey,CREATE UNIQUE INDEX supplier_invoices_pkey ON public.supplier_invoices USING btree (id)
suppliers,idx_suppliers_active,CREATE INDEX idx_suppliers_active ON public.suppliers USING btree (is_active)
suppliers,idx_suppliers_lead_time_days,CREATE INDEX idx_suppliers_lead_time_days ON public.suppliers USING btree (lead_time_days)
suppliers,idx_suppliers_name,CREATE INDEX idx_suppliers_name ON public.suppliers USING btree (name)
suppliers,suppliers_pkey,CREATE UNIQUE INDEX suppliers_pkey ON public.suppliers USING btree (id)
